INSERT INTO public.company(id, name, description, phone, email, website, twitter, linkedin, key_features) VALUES ( 1,'Amber', 'Amber Financial offers financing for your home renovation, debt consolidation, vacation, wedding, personal purchase in addition to any other financial need. ', '+1 (866) 268-0328', 'info@amberfinancial.com', 'https://amberfinancial.com/en', 'https://twitter.com/amber_financial', 'https://www.linkedin.com/company-beta/7577942/', 'Mortgage');
INSERT INTO public.location(id, name, latitude, longitude) VALUES (1,'Vancouver - British Columbia', '49.2827291', '-123.120738');
INSERT INTO public.company_location(location_id, company_id) VALUES (1,1);
INSERT INTO public.company_category(category_id, company_id) VALUES (1,1);
INSERT INTO public.company_businessmodel(business_model_id, company_id) VALUES (2,1);
INSERT INTO public.company_group(group_id, company_id) VALUES (2,1);
INSERT INTO public.partner(id, name) VALUES (1,'SEI');
INSERT INTO public.company_partner(partner_id, company_id) VALUES (1,1);
INSERT INTO public.company_capabilities(capability_id, company_id) VALUES (3,1);
INSERT INTO public.company(id, name, description, phone, email, website, twitter, linkedin, key_features) VALUES ( 2,'Aspire Financial Technologies', 'The Aspire Gateway platform is a software infrastructure solution enabling better loan data, reporting and analytics flow between Loan Originators, Investors and Banks.', '', '', 'http://aspirefintech.com/', 'https://twitter.com/AspireFinTech1', 'https://www.linkedin.com/company-beta/10538817/', 'Loan analytics, Alternative Lending, Marketplace Lending');
INSERT INTO public.location(id, name, latitude, longitude) VALUES (2,'Toronto - Ontario', '43.653226', '-79.383184');
INSERT INTO public.company_location(location_id, company_id) VALUES (2,2);
INSERT INTO public.company_category(category_id, company_id) VALUES (1,2);
INSERT INTO public.company_businessmodel(business_model_id, company_id) VALUES (1,2);
INSERT INTO public.company_group(group_id, company_id) VALUES (2,2);
INSERT INTO public.company_capabilities(capability_id, company_id) VALUES (1,2);
INSERT INTO public.company(id, name, description, phone, email, website, twitter, linkedin, key_features) VALUES ( 3,'Borrowell', 'We’re a safe responsible new way for Canadians to obtain three and five year fixed-rate loans at low interest rates that reward your good credit score. And since your credit score is so important to managing your financial life, we’re also a secure way to get your credit score—for free.', '1-888-285-0990', 'hello@borrowell.com', 'https://www.borrowell.com/', 'https://twitter.com/Borrowell', 'https://www.linkedin.com/company-beta/4036218/', 'Includes P2P lending');
INSERT INTO public.location(id, name, latitude, longitude) VALUES (3,'Toronto - Ontario', '43.653226', '-79.383184');
INSERT INTO public.company_location(location_id, company_id) VALUES (3,3);
INSERT INTO public.company_category(category_id, company_id) VALUES (1,3);
INSERT INTO public.company_businessmodel(business_model_id, company_id) VALUES (1,3);
INSERT INTO public.company_businessmodel(business_model_id, company_id) VALUES (2,3);
INSERT INTO public.company_group(group_id, company_id) VALUES (2,3);
INSERT INTO public.company_capabilities(capability_id, company_id) VALUES (1,3);
INSERT INTO public.company(id, name, description, phone, email, website, twitter, linkedin, key_features) VALUES ( 4,'Canada Drives', 'With Canada Drives You Have Access to Our Nation Wide Network of Dealer Partners and Many Types of Vehicles', '1-888-865-6402', '', '', 'https://twitter.com/companycapital', 'https://www.linkedin.com/company-beta/2702862/', 'Car Loans');
INSERT INTO public.location(id, name, latitude, longitude) VALUES (4,'Vancouver - British Columbia', '49.2827291', '-123.120738');
INSERT INTO public.company_location(location_id, company_id) VALUES (4,4);
INSERT INTO public.company_category(category_id, company_id) VALUES (1,4);
INSERT INTO public.company_businessmodel(business_model_id, company_id) VALUES (2,4);
INSERT INTO public.company_group(group_id, company_id) VALUES (2,4);
INSERT INTO public.company_capabilities(capability_id, company_id) VALUES (1,4);
INSERT INTO public.company(id, name, description, phone, email, website, twitter, linkedin, key_features) VALUES ( 5,'Company Capital', 'Company Capital is what is referred to as a direct lender – meaning you are dealing directly with the decision makers and source of the money. We provide online loans to small businesses in Canada', '1-877-595-2346', 'info@companycapital.ca', 'https://www.companycapital.ca/canadian-small-business-loans/', 'https://twitter.com/companycapital', 'https://www.linkedin.com/company-beta/2702862/', '');
INSERT INTO public.location(id, name, latitude, longitude) VALUES (5,'Victoria - British Columbia', '48.4284207', '-123.365644');
INSERT INTO public.company_location(location_id, company_id) VALUES (5,5);
INSERT INTO public.company_category(category_id, company_id) VALUES (1,5);
INSERT INTO public.company_businessmodel(business_model_id, company_id) VALUES (1,5);
INSERT INTO public.company_group(group_id, company_id) VALUES (2,5);
INSERT INTO public.company_capabilities(capability_id, company_id) VALUES (2,5);
INSERT INTO public.company(id, name, description, phone, email, website, twitter, linkedin, key_features) VALUES ( 6,'Crelogix', 'Crelogix Credit Group Inc. is the parent company utilized by a group of finance and credit services industry entrepreneurs to incubate and develop financing, credit, insurance and leasing products and platforms. ', '(800) 667-6640', 'support@crelogix.com', 'http://www.crelogix.com ', '', 'https://www.linkedin.com/company-beta/784085/', '');
INSERT INTO public.location(id, name, latitude, longitude) VALUES (6,'Burnaby - British Columbia', '49.2488091', '-122.98051');
INSERT INTO public.company_location(location_id, company_id) VALUES (6,6);
INSERT INTO public.company_category(category_id, company_id) VALUES (1,6);
INSERT INTO public.company_businessmodel(business_model_id, company_id) VALUES (1,6);
INSERT INTO public.company_group(group_id, company_id) VALUES (2,6);
INSERT INTO public.company_capabilities(capability_id, company_id) VALUES (2,6);
INSERT INTO public.company(id, name, description, phone, email, website, twitter, linkedin, key_features) VALUES ( 7,'Do Your Own Mortgage', 'Do Your Own Mortgage is a self-service mortgage website that allows you to take control of your mortgage application and receive a Cash Rebate on all mortgage products. By doing your own mortgage, you will be able to track the progress of your application every step of the way through your private dashboard.', '647-931-3966', 'questions@doyourownmortgage.com', 'https://www.doyourownmortgage.com/', 'https://twitter.com/DYOMC', 'https://www.linkedin.com/company-beta/10151487/', '');
INSERT INTO public.location(id, name, latitude, longitude) VALUES (7,'Toronto - Ontario', '43.653226', '-79.383184');
INSERT INTO public.company_location(location_id, company_id) VALUES (7,7);
INSERT INTO public.company_category(category_id, company_id) VALUES (1,7);
INSERT INTO public.company_businessmodel(business_model_id, company_id) VALUES (2,7);
INSERT INTO public.company_group(group_id, company_id) VALUES (2,7);
INSERT INTO public.company_capabilities(capability_id, company_id) VALUES (2,7);
INSERT INTO public.company(id, name, description, phone, email, website, twitter, linkedin, key_features) VALUES ( 8,'Financeit', 'Financeit is a market leading point-of-sale financing provider servicing the home improvement, vehicle and retail industries. Financeit’s innovative cloud-based technology makes it easy for merchants to increase close rates and transaction sizes with affordable monthly or bi-weekly payment plans.', '1-888-536-3025', '%20service@financeit.io', 'https://www.financeit.io/ca/en/program', 'https://twitter.com/financeit', 'https://www.linkedin.com/company-beta/824742/', '');
INSERT INTO public.location(id, name, latitude, longitude) VALUES (8,'Toronto - Ontario', '43.653226', '-79.383184');
INSERT INTO public.company_location(location_id, company_id) VALUES (8,8);
INSERT INTO public.company_category(category_id, company_id) VALUES (1,8);
INSERT INTO public.company_category(category_id, company_id) VALUES (3,8);
INSERT INTO public.company_businessmodel(business_model_id, company_id) VALUES (2,8);
INSERT INTO public.company_group(group_id, company_id) VALUES (2,8);
INSERT INTO public.company_capabilities(capability_id, company_id) VALUES (1,8);
INSERT INTO public.company(id, name, description, phone, email, website, twitter, linkedin, key_features) VALUES ( 9,'Finstripe', 'Finstripe connects professionals to the enterprise-level corporate lending world from their desks and mobile devices. They can post unlimited borrowing requests, search the globe for compatible lenders or borrowers, monitor specific industry or geographic opportunities, and connect with high probability partners around the clock from the convenience of your internet connected desktop, phone or tablet.', '', 'info@finstripe.com', 'http://www.finstripe.com/', 'https://twitter.com/finstripe', '', '');
INSERT INTO public.location(id, name, latitude, longitude) VALUES (9,'Vancouver - British Columbia', '49.2827291', '-123.120738');
INSERT INTO public.company_location(location_id, company_id) VALUES (9,9);
INSERT INTO public.company_category(category_id, company_id) VALUES (1,9);
INSERT INTO public.company_businessmodel(business_model_id, company_id) VALUES (2,9);
INSERT INTO public.company_group(group_id, company_id) VALUES (2,9);
INSERT INTO public.company_capabilities(capability_id, company_id) VALUES (2,9);
INSERT INTO public.company(id, name, description, phone, email, website, twitter, linkedin, key_features) VALUES ( 10,'info@poweredbygrow.com', 'Flexiti Financial is a Canadian sales financing company founded in 2013. We help retailers increase their bottom line by providing better sales financing options than a standard credit card, with lower interest rates, longer payment terms and revolving credit. Using a mobile application process and patented ID scanning technology, we provide you with quick, simple and instant Point-of-Sale (POS) financing for your customers. ', ' 1-855-559-0909', '', 'http://flexitifinancial.com/i-am-a-business/', '', '', '');
INSERT INTO public.location(id, name, latitude, longitude) VALUES (10,'Toronto - Ontario', '43.653226', '-79.383184');
INSERT INTO public.company_location(location_id, company_id) VALUES (10,10);
INSERT INTO public.company_category(category_id, company_id) VALUES (1,10);
INSERT INTO public.company_businessmodel(business_model_id, company_id) VALUES (1,10);
INSERT INTO public.company_businessmodel(business_model_id, company_id) VALUES (2,10);
INSERT INTO public.company_group(group_id, company_id) VALUES (2,10);
INSERT INTO public.company_capabilities(capability_id, company_id) VALUES (1,10);
INSERT INTO public.company(id, name, description, phone, email, website, twitter, linkedin, key_features) VALUES ( 11,'Fundthrough', 'We are a lender specialized in lines of credit backed by outstanding invoices. We help business that traditional banks tend to overlook, access the money they need to continue growing. Our operating loans are based on the profile of our client`s customers, instead of the strength of their credit history or their balance sheet. ', '(416) 971-5724', 'info@fundthrough.com', 'https://www.fundthrough.com/', 'https://twitter.com/fundthrough', '', '');
INSERT INTO public.location(id, name, latitude, longitude) VALUES (11,'Toronto - Ontario', '43.653226', '-79.383184');
INSERT INTO public.company_location(location_id, company_id) VALUES (11,11);
INSERT INTO public.company_category(category_id, company_id) VALUES (1,11);
INSERT INTO public.company_businessmodel(business_model_id, company_id) VALUES (1,11);
INSERT INTO public.company_group(group_id, company_id) VALUES (2,11);
INSERT INTO public.company_capabilities(capability_id, company_id) VALUES (1,11);
INSERT INTO public.company(id, name, description, phone, email, website, twitter, linkedin, key_features) VALUES ( 12,'GoDay', 'Online payday loan company, GoDay.ca, provides highly automated short term loans that require no paperwork or faxing, and can be completed at any desktop computer, tablet, or mobile device. With transparent policies, accessibility, and responsible lending as their foundation, applicants can be sure that a loan from GoDay.ca is fast, smart, and secure. ', '1-888-984-6329', '', 'https://goday.ca/', 'https://twitter.com/godayca', '', '');
INSERT INTO public.location(id, name, latitude, longitude) VALUES (12,'Toronto - Ontario', '43.653226', '-79.383184');
INSERT INTO public.company_location(location_id, company_id) VALUES (12,12);
INSERT INTO public.company_category(category_id, company_id) VALUES (1,12);
INSERT INTO public.company_businessmodel(business_model_id, company_id) VALUES (2,12);
INSERT INTO public.company_group(group_id, company_id) VALUES (2,12);
INSERT INTO public.company_capabilities(capability_id, company_id) VALUES (2,12);
INSERT INTO public.company(id, name, description, phone, email, website, twitter, linkedin, key_features) VALUES ( 13,'Grow', 'We leverage the power of technology to bring together creditworthy borrowers seeking loans with investors looking to earn a fair return on their money — all in a convenient online environment that guarantees timely, personalized service with very competitive interest rates.', '1 888 540 3951', 'info@poweredbygrow.com', 'https://www.poweredbygrow.com/', 'https://twitter.com/poweredbygrow', 'https://www.linkedin.com/company-beta/807133/', '');
INSERT INTO public.location(id, name, latitude, longitude) VALUES (13,'Vancouver - British Columbia', '49.2827291', '-123.120738');
INSERT INTO public.company_location(location_id, company_id) VALUES (13,13);
INSERT INTO public.company_category(category_id, company_id) VALUES (1,13);
INSERT INTO public.company_businessmodel(business_model_id, company_id) VALUES (1,13);
INSERT INTO public.company_group(group_id, company_id) VALUES (2,13);
INSERT INTO public.partner(id, name) VALUES (2,'CREDIC UNIONS');
INSERT INTO public.company_partner(partner_id, company_id) VALUES (2,13);
INSERT INTO public.company_capabilities(capability_id, company_id) VALUES (3,13);
INSERT INTO public.partner(id, name) VALUES (3,'BANKS');
INSERT INTO public.company_partner(partner_id, company_id) VALUES (3,13);
INSERT INTO public.company_capabilities(capability_id, company_id) VALUES (3,13);
INSERT INTO public.company_capabilities(capability_id, company_id) VALUES (1,13);
INSERT INTO public.company(id, name, description, phone, email, website, twitter, linkedin, key_features) VALUES ( 14,'Impak Finance', 'Impak Finance introduces the Impak Coin : the first cryptocurrency coded to grow the impact economy. First, we are going to launch an impact investment fund online. Our 100% digital and mobile platform will enable anyone to invest in impact bonds.', '', 'hello@impakfinance.com', 'https://mpk.impak.eco/en/', 'https://twitter.com/impakfinance', 'https://www.linkedin.com/company-beta/10832737/', '');
INSERT INTO public.location(id, name, latitude, longitude) VALUES (14,'Toronto - Ontario', '43.653226', '-79.383184');
INSERT INTO public.company_location(location_id, company_id) VALUES (14,14);
INSERT INTO public.company_category(category_id, company_id) VALUES (1,14);
INSERT INTO public.company_category(category_id, company_id) VALUES (2,14);
INSERT INTO public.company_category(category_id, company_id) VALUES (3,14);
INSERT INTO public.company_category(category_id, company_id) VALUES (4,14);
INSERT INTO public.company_businessmodel(business_model_id, company_id) VALUES (1,14);
INSERT INTO public.company_group(group_id, company_id) VALUES (2,14);
INSERT INTO public.company_capabilities(capability_id, company_id) VALUES (1,14);
INSERT INTO public.company(id, name, description, phone, email, website, twitter, linkedin, key_features) VALUES ( 15,'Intellimortgage', 'Online mortgage broker and lender using proprietary mortgage rate comparison technology and a deep discount "Do-it-Yourself" model to offer Canadians the best possible mortgage rates.', ' 1-800-280-2460', 'info@intellimortgage.com', 'https://intellimortgage.com/', 'https://twitter.com/intelliMortgage', '', 'Mortgage');
INSERT INTO public.location(id, name, latitude, longitude) VALUES (15,'Toronto - Ontario', '43.653226', '-79.383184');
INSERT INTO public.company_location(location_id, company_id) VALUES (15,15);
INSERT INTO public.company_category(category_id, company_id) VALUES (1,15);
INSERT INTO public.company_businessmodel(business_model_id, company_id) VALUES (2,15);
INSERT INTO public.company_group(group_id, company_id) VALUES (2,15);
INSERT INTO public.company_capabilities(capability_id, company_id) VALUES (1,15);
INSERT INTO public.company(id, name, description, phone, email, website, twitter, linkedin, key_features) VALUES ( 16,'IOU Financial', 'IOU Financial, Inc., through a subsidiary, operates an Internet lending platform. The Company serves small businesses that are often under served by banks.', '1.866.217.8564', '', 'https://ioufinancial.com/', 'https://twitter.com/ioufinancial', 'https://www.linkedin.com/company-beta/5121483/', '');
INSERT INTO public.location(id, name, latitude, longitude) VALUES (16,'Montreal - Quebec', '45.5016889', '-73.567256');
INSERT INTO public.company_location(location_id, company_id) VALUES (16,16);
INSERT INTO public.company_category(category_id, company_id) VALUES (1,16);
INSERT INTO public.company_businessmodel(business_model_id, company_id) VALUES (1,16);
INSERT INTO public.company_group(group_id, company_id) VALUES (2,16);
INSERT INTO public.company_capabilities(capability_id, company_id) VALUES (1,16);
INSERT INTO public.company(id, name, description, phone, email, website, twitter, linkedin, key_features) VALUES ( 17,'Kanetix', 'Kanetix Ltd. operates Kanetix.ca, an online insurance and mortgage marketplace that provides online comparison shopping services in Canada. It offers real-time insurance and mortgage quotes. The company enables users to compare the insurers and their rates, payment options, and available discounts. It also provides consulting and development services, which include Web development consulting, online quotation systems, XML data transfer and Web, online marketing, ‘White labeled’ or private labeled Websites, and Website hosting.', '416-598-5401', 'support@kanetix.ca ', 'https://www.kanetixltd.ca/', 'https://twitter.com/kanetix', '', 'Insurance');
INSERT INTO public.location(id, name, latitude, longitude) VALUES (17,'Toronto - Ontario', '43.653226', '-79.383184');
INSERT INTO public.company_location(location_id, company_id) VALUES (17,17);
INSERT INTO public.company_category(category_id, company_id) VALUES (1,17);
INSERT INTO public.company_businessmodel(business_model_id, company_id) VALUES (1,17);
INSERT INTO public.company_businessmodel(business_model_id, company_id) VALUES (2,17);
INSERT INTO public.company_group(group_id, company_id) VALUES (2,17);
INSERT INTO public.company_capabilities(capability_id, company_id) VALUES (1,17);
INSERT INTO public.company(id, name, description, phone, email, website, twitter, linkedin, key_features) VALUES ( 18,'Kosmo Credit', 'Kosmo is a new company that specialized in giving people fast and reliable loans. Kosmo utilizes the highly secure information gathering technology to gather user information and give clients their customized rates and loan amount based on the information they gave us. We make it simple and fast for people to get loans, and we make direct deposits to clients` bank account as fast as next day. Kosmo Credit is currently operating in all provinces within Canada.', '', ' info@waveapps.com.', 'https://www.waveapps.com/', '', 'https://www.linkedin.com/company-beta/9424191/', 'Online Finance, Consumer Finance, Personal Loans, and Innovative Technology');
INSERT INTO public.location(id, name, latitude, longitude) VALUES (18,'London - Ontario', '42.9849233', '-81.245277');
INSERT INTO public.company_location(location_id, company_id) VALUES (18,18);
INSERT INTO public.company_category(category_id, company_id) VALUES (1,18);
INSERT INTO public.company_category(category_id, company_id) VALUES (3,18);
INSERT INTO public.company_businessmodel(business_model_id, company_id) VALUES (2,18);
INSERT INTO public.company_group(group_id, company_id) VALUES (2,18);
INSERT INTO public.company_capabilities(capability_id, company_id) VALUES (1,18);
INSERT INTO public.company(id, name, description, phone, email, website, twitter, linkedin, key_features) VALUES ( 19,'Lendful', 'Personal Loans based on credit raitng and application approvals. ', '', 'info@lendful.ca', 'https://lendful.ca/#/home', 'https://twitter.com/lendfulloans', 'https://www.linkedin.com/company-beta/6425659/', 'Consumer lending, Marketplace Lending, Peer-to-Peer Lending, and P2P');
INSERT INTO public.location(id, name, latitude, longitude) VALUES (19,'Vancouver - British Columbia', '49.2827291', '-123.120738');
INSERT INTO public.company_location(location_id, company_id) VALUES (19,19);
INSERT INTO public.company_category(category_id, company_id) VALUES (1,19);
INSERT INTO public.company_businessmodel(business_model_id, company_id) VALUES (2,19);
INSERT INTO public.company_group(group_id, company_id) VALUES (2,19);
INSERT INTO public.company_capabilities(capability_id, company_id) VALUES (2,19);
INSERT INTO public.company(id, name, description, phone, email, website, twitter, linkedin, key_features) VALUES ( 20,'Lending Loop', 'Connecting small businesses with Canadian investors is Lending Loop`s way to help these small businesses grow. Lending Loop is Canada`s first fully regulated peer-to-peer lending platform focused on small business.', '(888) 223-5667', 'contact@lendingloop.ca', 'https://www.lendingloop.ca/about', 'https://twitter.com/lendingloop', 'https://www.linkedin.com/company-beta/5166811/', '');
INSERT INTO public.location(id, name, latitude, longitude) VALUES (20,'Toronto - Ontario', '43.653226', '-79.383184');
INSERT INTO public.company_location(location_id, company_id) VALUES (20,20);
INSERT INTO public.company_category(category_id, company_id) VALUES (1,20);
INSERT INTO public.company_businessmodel(business_model_id, company_id) VALUES (1,20);
INSERT INTO public.company_group(group_id, company_id) VALUES (2,20);
INSERT INTO public.company_capabilities(capability_id, company_id) VALUES (1,20);
INSERT INTO public.company(id, name, description, phone, email, website, twitter, linkedin, key_features) VALUES ( 21,'Lendified', 'Lendified is Canada`s premier online lender for small businesses and offers a customizable platform available to financial institutions throughout the world.', '1.844.451.3594', '', 'https://www.lendified.com/', 'https://twitter.com/lendified', 'https://www.linkedin.com/company-beta/10043433/', '');
INSERT INTO public.location(id, name, latitude, longitude) VALUES (21,'Toronto - Ontario', '43.653226', '-79.383184');
INSERT INTO public.company_location(location_id, company_id) VALUES (21,21);
INSERT INTO public.company_category(category_id, company_id) VALUES (1,21);
INSERT INTO public.company_businessmodel(business_model_id, company_id) VALUES (2,21);
INSERT INTO public.company_group(group_id, company_id) VALUES (2,21);
INSERT INTO public.company_capabilities(capability_id, company_id) VALUES (1,21);
INSERT INTO public.company(id, name, description, phone, email, website, twitter, linkedin, key_features) VALUES ( 22,'Lendingarch', 'LendingArch is a modern finance company reinventing the lending experience. Through smart technology and exceptional customer experience, LendingArch has become one of Canada’s fastest-growing providers of instant credit to financially responsible Canadians. From medical expenses, debt consolidation, home improvement costs and help with personal growth, LendingArch is dedicated to bringing financial advancement to consumers who deserve to live a happy life, at their rate.', '+1-844-900-Arch', ' hello@lendingarch.com', 'https://lendingarch.ca/', '', 'https://www.linkedin.com/company-beta/10017410/', '');
INSERT INTO public.location(id, name, latitude, longitude) VALUES (22,'Calgary - Alberta', '51.0486151', '-114.071169');
INSERT INTO public.company_location(location_id, company_id) VALUES (22,22);
INSERT INTO public.company_category(category_id, company_id) VALUES (1,22);
INSERT INTO public.company_businessmodel(business_model_id, company_id) VALUES (2,22);
INSERT INTO public.company_group(group_id, company_id) VALUES (2,22);
INSERT INTO public.company_capabilities(capability_id, company_id) VALUES (1,22);
INSERT INTO public.company(id, name, description, phone, email, website, twitter, linkedin, key_features) VALUES ( 23,'Marble Financial', 'Marble Financial (MLI Marble Lending, Inc) is developing Canada`s first mobile/online Marketplace Lending Platform (MLP) offering clients a convenient, personalized, full-circle solution for managing debt, tracking budgets and monitoring personal financial health. Marble’s proprietary, scalable, cloud-based infrastructure and dashboard provide a diverse portfolio of loan products and services.', '604–336–0185', 'info@marblefinancial.ca', 'https://marblefinancial.ca/', 'https://twitter.com/marble2go', 'https://www.linkedin.com/company-beta/10219196/', 'Fintech, Online Security, Software Development, API Development, Integration Services, Project Management, VPNs, Firewalls, and Financial Dashboard');
INSERT INTO public.location(id, name, latitude, longitude) VALUES (23,'Vancouver - British Columbia', '49.2827291', '-123.120738');
INSERT INTO public.company_location(location_id, company_id) VALUES (23,23);
INSERT INTO public.company_category(category_id, company_id) VALUES (1,23);
INSERT INTO public.company_businessmodel(business_model_id, company_id) VALUES (2,23);
INSERT INTO public.company_group(group_id, company_id) VALUES (2,23);
INSERT INTO public.company_capabilities(capability_id, company_id) VALUES (1,23);
INSERT INTO public.company(id, name, description, phone, email, website, twitter, linkedin, key_features) VALUES ( 24,'Merchant Advance Capital', 'Our innovative approach blends thoughtful customer care, complete transparency and smart technology to provide accessible financing that makes sense. Merchant Advance Capital`s modern financing option allows small business owners fast & easy, no-collateral access to working capital, with flexible payback options responsive to the ebbs and flows of business cycles.', '604-757-4602', 'clients@merchantadvance.com', 'https://www.merchantadvance.com/', 'https://twitter.com/advancecapital', 'https://www.linkedin.com/company-beta/1197889/', 'Alternative Lending, Lending, Small Business Lending, Business Loans, Line of Credit, and Equipment Leasing');
INSERT INTO public.location(id, name, latitude, longitude) VALUES (24,'Vancouver - British Columbia', '49.2827291', '-123.120738');
INSERT INTO public.company_location(location_id, company_id) VALUES (24,24);
INSERT INTO public.location(id, name, latitude, longitude) VALUES (25,'Toronto - Ontario', '43.653226', '-79.383184');
INSERT INTO public.company_location(location_id, company_id) VALUES (25,24);
INSERT INTO public.company_category(category_id, company_id) VALUES (1,24);
INSERT INTO public.company_businessmodel(business_model_id, company_id) VALUES (2,24);
INSERT INTO public.company_group(group_id, company_id) VALUES (2,24);
INSERT INTO public.company_capabilities(capability_id, company_id) VALUES (2,24);
INSERT INTO public.company(id, name, description, phone, email, website, twitter, linkedin, key_features) VALUES ( 25,'Mogo', 'By leveraging technology and design we`re building a financial brand that`s transforming the way Canadians access, manage, and control credit. ', '', '', 'https://www.mogo.ca/', 'https://twitter.com/mogomoney/', '', 'Personal  Loans, Mortgage, Credit Score, Spending account');
INSERT INTO public.location(id, name, latitude, longitude) VALUES (26,'Vancouver - British Columbia', '49.2827291', '-123.120738');
INSERT INTO public.company_location(location_id, company_id) VALUES (26,25);
INSERT INTO public.company_category(category_id, company_id) VALUES (1,25);
INSERT INTO public.company_category(category_id, company_id) VALUES (3,25);
INSERT INTO public.company_businessmodel(business_model_id, company_id) VALUES (2,25);
INSERT INTO public.company_group(group_id, company_id) VALUES (1,25);
INSERT INTO public.company_capabilities(capability_id, company_id) VALUES (1,25);
INSERT INTO public.company(id, name, description, phone, email, website, twitter, linkedin, key_features) VALUES ( 26,'OnDeck Capital', 'Created to provide capital to small businesses. Evaluates business’ actual performance, not just personal credit.', ' (888) 727-6183', '', 'https://en-ca.ondeck.com/company/', 'https://twitter.com/OnDeckCapital/', '', '');
INSERT INTO public.location(id, name, latitude, longitude) VALUES (27,'New York - New York', '40.7127837', '-74.005941');
INSERT INTO public.company_location(location_id, company_id) VALUES (27,26);
INSERT INTO public.company_category(category_id, company_id) VALUES (1,26);
INSERT INTO public.company_businessmodel(business_model_id, company_id) VALUES (2,26);
INSERT INTO public.company_group(group_id, company_id) VALUES (1,26);
INSERT INTO public.company_capabilities(capability_id, company_id) VALUES (2,26);
INSERT INTO public.company(id, name, description, phone, email, website, twitter, linkedin, key_features) VALUES ( 27,'Progressa', 'Progressa is Canada`s only `Direct-Pay`​ lender focused solely on non-prime and near-prime consumers. Our online technology platform "Powered by Progressa"​ allows us to provide our B2B partners a seamless borrowing experience for their customers, and our data-driven underwriting approach allows us to work through complex financial situations in 15 minutes or less.', '1-855-723-5626', 'info@progressa.com', 'http://progressa.com/', 'https://twitter.com/progressacanada', 'https://www.linkedin.com/company-beta/9479920/', '');
INSERT INTO public.location(id, name, latitude, longitude) VALUES (28,'Vancouver - British Columbia', '49.2827291', '-123.120738');
INSERT INTO public.company_location(location_id, company_id) VALUES (28,27);
INSERT INTO public.company_category(category_id, company_id) VALUES (1,27);
INSERT INTO public.company_businessmodel(business_model_id, company_id) VALUES (1,27);
INSERT INTO public.company_group(group_id, company_id) VALUES (1,27);
INSERT INTO public.company_capabilities(capability_id, company_id) VALUES (1,27);
INSERT INTO public.company(id, name, description, phone, email, website, twitter, linkedin, key_features) VALUES ( 28,'Ratehub', 'RateHub is an independent website dedicated to connecting you to the best mortgage rates and credit card deals in Canada.', '(416) 901-6187', 'admin@ratehub.ca', 'https://www.ratehub.ca/', 'https://twitter.com/RateHub', 'https://www.linkedin.com/company-beta/2349594/', 'Mortgage rates, Mortgage calculators, Mortgage rate API, Financial Services leads, Credit card deals, and Credit card comparisons');
INSERT INTO public.location(id, name, latitude, longitude) VALUES (29,'Toronto - Ontario', '43.653226', '-79.383184');
INSERT INTO public.company_location(location_id, company_id) VALUES (29,28);
INSERT INTO public.company_category(category_id, company_id) VALUES (1,28);
INSERT INTO public.company_category(category_id, company_id) VALUES (2,28);
INSERT INTO public.company_category(category_id, company_id) VALUES (5,28);
INSERT INTO public.company_businessmodel(business_model_id, company_id) VALUES (1,28);
INSERT INTO public.company_group(group_id, company_id) VALUES (1,28);
INSERT INTO public.company_capabilities(capability_id, company_id) VALUES (1,28);
INSERT INTO public.company(id, name, description, phone, email, website, twitter, linkedin, key_features) VALUES ( 29,'Thinking Capital', 'Thinking Capital is the leader in the Canadian Alternative Lending space, leveraging technology to be at the forefront of the FinTech industry. Since 2006, they have helped more than 10,000 small-to-medium sized Canadian businesses reach their full potential. By combining their people and technology, Thinking Capital is transforming the way business owners get the capital they need to grow.', '866-889-9412', 'info@thinkingcapital.ca', 'https://www.thinkingcapital.ca/', 'https://twitter.com/ThinkingCapCA', 'https://www.linkedin.com/company-beta/1402251/', '');
INSERT INTO public.location(id, name, latitude, longitude) VALUES (30,'Toronto - Ontario', '43.653226', '-79.383184');
INSERT INTO public.company_location(location_id, company_id) VALUES (30,29);
INSERT INTO public.company_category(category_id, company_id) VALUES (1,29);
INSERT INTO public.company_businessmodel(business_model_id, company_id) VALUES (1,29);
INSERT INTO public.company_group(group_id, company_id) VALUES (1,29);
INSERT INTO public.company_capabilities(capability_id, company_id) VALUES (1,29);
INSERT INTO public.company(id, name, description, phone, email, website, twitter, linkedin, key_features) VALUES ( 30,'Vault Circle', 'Vault Circle Inc. is a digital lending investment firm that will connect accredited investors with short-term, high-yield small business loans in the form of investor notes. These investments will appeal to investors seeking income and strong portfolio cash flows. Vault Circle is an affiliate of Lendified Inc., a premier online provider of working capital loans to Canadian small businesses', ' 416.861.8181ext. 510', 'marcel.schroder@vaultcircle.com', 'http://www.vaultcircle.com/', 'https://twitter.com/vaultcircleinc', 'https://www.linkedin.com/company-beta/9345644/', 'Investing, and Marketplace Lending');
INSERT INTO public.location(id, name, latitude, longitude) VALUES (31,'Toronto - Ontario', '43.653226', '-79.383184');
INSERT INTO public.company_location(location_id, company_id) VALUES (31,30);
INSERT INTO public.company_category(category_id, company_id) VALUES (1,30);
INSERT INTO public.company_businessmodel(business_model_id, company_id) VALUES (1,30);
INSERT INTO public.company_group(group_id, company_id) VALUES (1,30);
INSERT INTO public.partner(id, name) VALUES (4,'LENDIFIED');
INSERT INTO public.company_partner(partner_id, company_id) VALUES (4,30);
INSERT INTO public.company_capabilities(capability_id, company_id) VALUES (3,30);
INSERT INTO public.company(id, name, description, phone, email, website, twitter, linkedin, key_features) VALUES ( 31,'Wonga', 'Wonga Group Limited is made up of a number of international financial services businesses. We are best known for our Wonga short term loan product.', '0207 138 8330', 'customercare@wonga.com', 'https://www.wonga.com/', '', '', 'We provide automated decisions to applicants based on the information they provide in the application, data from Credit Reference Agencies and other sources. All applicants are credit checked and need to pass stringent lending and affordability criteria.');
INSERT INTO public.location(id, name, latitude, longitude) VALUES (32,'London - UK', '51.507351', '-0.127758');
INSERT INTO public.company_location(location_id, company_id) VALUES (32,31);
INSERT INTO public.company_category(category_id, company_id) VALUES (1,31);
INSERT INTO public.company_businessmodel(business_model_id, company_id) VALUES (1,31);
INSERT INTO public.company_group(group_id, company_id) VALUES (1,31);
INSERT INTO public.company_capabilities(capability_id, company_id) VALUES (1,31);
INSERT INTO public.company(id, name, description, phone, email, website, twitter, linkedin, key_features) VALUES ( 32,'Zayzoon', 'With ZayZoon, employees and staff can access their funds in advance of their pay day. Provided at no cost to employers - this is the secure, easy and private way to provide advances to employees.Employees access ZayZoon from their mobile device or through the PayChequer site', '', '', 'zayzoon.com', 'https://twitter.com/zayzoontransfer', 'https://www.linkedin.com/company-beta/4825335/', 'Integrated with PayChequer');
INSERT INTO public.location(id, name, latitude, longitude) VALUES (33,'Calgary - Alberta', '51.0486151', '-114.071169');
INSERT INTO public.company_location(location_id, company_id) VALUES (33,32);
INSERT INTO public.company_category(category_id, company_id) VALUES (1,32);
INSERT INTO public.company_category(category_id, company_id) VALUES (3,32);
INSERT INTO public.company_businessmodel(business_model_id, company_id) VALUES (1,32);
INSERT INTO public.company_group(group_id, company_id) VALUES (1,32);
INSERT INTO public.company_capabilities(capability_id, company_id) VALUES (1,32);
INSERT INTO public.company(id, name, description, phone, email, website, twitter, linkedin, key_features) VALUES ( 33,'PitchPoint', 'PitchPoint Solutions is a national provider of comprehensive fraud detection and verification services for multiple industries, including mortgage, background/ tenant screening, and anti-money laundering. With more than a decade of experience in customizable risk evaluation technology and processing, PitchPoint Solutions` heuristic/rule-based data collation, analysis and Expert Services stamps out 99% of fraud alerts while eliminating 100% of lost underwriting time.', '416.591.7476', '', 'http://www.pitchpointsolutions.com/', '', 'https://ca.linkedin.com/company/pitchpoint-solutions', 'Fraud Detection, Mortgage Data Validation, Fraud Compliance Review, Mortgage Loan Portfolio Review');
INSERT INTO public.location(id, name, latitude, longitude) VALUES (34,'Toronto - Ontario', '43.653226', '-79.383184');
INSERT INTO public.company_location(location_id, company_id) VALUES (34,33);
INSERT INTO public.company_category(category_id, company_id) VALUES (1,33);
INSERT INTO public.company_category(category_id, company_id) VALUES (7,33);
INSERT INTO public.company_businessmodel(business_model_id, company_id) VALUES (1,33);
INSERT INTO public.company_group(group_id, company_id) VALUES (1,33);
INSERT INTO public.company_capabilities(capability_id, company_id) VALUES (1,33);
INSERT INTO public.company(id, name, description, phone, email, website, twitter, linkedin, key_features) VALUES ( 34,'Zensurance', 'Zensurance is leading the technology revolution in the insurance industry, and demystifying insurance for start-ups and small businesses. By using data and analytics to identify the most common risks, Zensurance is able to create curated insurance packages ideally suited for each industry. Small business owners no longer have to wade through endless forms and play phone-tag: they can learn about all their needs and purchase at their own convenience within minutes online. ', '', '', 'https://www.zensurance.com/about', 'https://twitter.com/zensurance', 'https://www.linkedin.com/company-beta/10486499/', '');
INSERT INTO public.location(id, name, latitude, longitude) VALUES (35,'Toronto - Ontario', '43.653226', '-79.383184');
INSERT INTO public.company_location(location_id, company_id) VALUES (35,34);
INSERT INTO public.company_category(category_id, company_id) VALUES (2,34);
INSERT INTO public.company_businessmodel(business_model_id, company_id) VALUES (2,34);
INSERT INTO public.company_group(group_id, company_id) VALUES (1,34);
INSERT INTO public.company_capabilities(capability_id, company_id) VALUES (1,34);
INSERT INTO public.company(id, name, description, phone, email, website, twitter, linkedin, key_features) VALUES ( 35,'Fentury', 'Efficient finance management is about saving both money and time. With Fentury you can connect all your bank and e-Wallet accounts and we’ll automatically structure your data and always keep you up-to-date. FENTURY is a next generation automatic personal finance manager. You can automatically import data from your financial accounts or manage your cash flow from one place to better understand your financial situation. Keep track on your finances with multiple reports and plan for the future with Fentury budgets. Get your finances under control!', '', 'hello@fentury.com', 'https://www.fentury.com', 'https://twitter.com/fenturyapp', 'https://www.linkedin.com/company-beta/10003220/', 'Personal Finance Management, Automatic Finance Management, Financial WEB Manager, and Financial Mobile App');
INSERT INTO public.location(id, name, latitude, longitude) VALUES (36,'Toronto - Ontario', '43.653226', '-79.383184');
INSERT INTO public.company_location(location_id, company_id) VALUES (36,35);
INSERT INTO public.company_category(category_id, company_id) VALUES (2,35);
INSERT INTO public.company_businessmodel(business_model_id, company_id) VALUES (1,35);
INSERT INTO public.company_group(group_id, company_id) VALUES (1,35);
INSERT INTO public.company_capabilities(capability_id, company_id) VALUES (1,35);
INSERT INTO public.company(id, name, description, phone, email, website, twitter, linkedin, key_features) VALUES ( 36,'Finn.ai', 'Finn.ai is a full-featured conversational banking platform. Our white-label chatbots are personal financial management assistants, powered by AI. Banks and other financial institutions are able to put a personal banker and financial advisor in every customer`s pocket; reach them on any chat platform, native app, website chat interface and more. ', '', 'sales@finn.ai', 'http://finn.ai/', 'https://twitter.com/finnforbanks', 'https://www.linkedin.com/company-beta/10062817/', '');
INSERT INTO public.location(id, name, latitude, longitude) VALUES (37,'Vancouver - British Columbia', '49.2827291', '-123.120738');
INSERT INTO public.company_location(location_id, company_id) VALUES (37,36);
INSERT INTO public.company_category(category_id, company_id) VALUES (2,36);
INSERT INTO public.company_category(category_id, company_id) VALUES (9,36);
INSERT INTO public.company_businessmodel(business_model_id, company_id) VALUES (1,36);
INSERT INTO public.company_group(group_id, company_id) VALUES (1,36);
INSERT INTO public.company_capabilities(capability_id, company_id) VALUES (1,36);
INSERT INTO public.company(id, name, description, phone, email, website, twitter, linkedin, key_features) VALUES ( 37,'Koho', 'Our Smart Spending Account lets you send transfers, pay bills, save automatically, use ATMs, while letting you know how you spend – everything you need for the modern world and it’s all free. ', '1-855-564-6999', ' team@koho.ca', 'https://www.koho.ca/', '', 'https://twitter.com/GetKoho', 'Koho offers the Koho Visa* Prepaid Card and mobile app that together allow users to manage daily financial needs (direct paycheque load, bill pay, atm cash withdrawals, etc.), while offering tools such as automated savings goals, real-time updates, transfers, spending insights and categorizations and much more.');
INSERT INTO public.location(id, name, latitude, longitude) VALUES (38,'Vancouver - British Columbia', '49.2827291', '-123.120738');
INSERT INTO public.company_location(location_id, company_id) VALUES (38,37);
INSERT INTO public.company_category(category_id, company_id) VALUES (2,37);
INSERT INTO public.company_category(category_id, company_id) VALUES (3,37);
INSERT INTO public.company_businessmodel(business_model_id, company_id) VALUES (2,37);
INSERT INTO public.company_group(group_id, company_id) VALUES (1,37);
INSERT INTO public.company_capabilities(capability_id, company_id) VALUES (1,37);
INSERT INTO public.company(id, name, description, phone, email, website, twitter, linkedin, key_features) VALUES ( 38,'perfiqt', 'AI to help you answer your toughest financial questions. Fast. Easy. Free And we can do it for millions of people. Personally Perfiqt replaces traditional financial planning with fun and engaging question-answer process In just a few minutes you can visualize your entire life and get personal insights to help you make smarter life decisions yourself. ', '', '', '', 'https://twitter.com/perfiqt', 'https://www.linkedin.com/company-beta/10817939/', '');
INSERT INTO public.location(id, name, latitude, longitude) VALUES (39,'Montreal - Quebec', '45.5016889', '-73.567256');
INSERT INTO public.company_location(location_id, company_id) VALUES (39,38);
INSERT INTO public.company_category(category_id, company_id) VALUES (2,38);
INSERT INTO public.company_category(category_id, company_id) VALUES (9,38);
INSERT INTO public.company_businessmodel(business_model_id, company_id) VALUES (2,38);
INSERT INTO public.company_group(group_id, company_id) VALUES (1,38);
INSERT INTO public.company_capabilities(capability_id, company_id) VALUES (1,38);
INSERT INTO public.company(id, name, description, phone, email, website, twitter, linkedin, key_features) VALUES ( 39,'BitGold', 'On May 22, 2015, BitGold Inc. announced the acquisition of GoldMoney Inc. The Goldmoney™ App for iOS and Android provides access to all Dashboard features and functions, enabling you to manage your Holding and buy, sell, exchange, and redeem precious metal bullion through an easy-to-use and highly secure interface. Need to make a payment? Send and accept precious metal payments to and from other Goldmoney Holdings and businesses, and earn metals by referring friends and family to Goldmoney.', ' 1-855-583-(4653)', '', 'https://www.goldmoney.com/', 'https://twitter.com/Goldmoney', 'https://www.linkedin.com/company/5357470/', 'Powered by Goldmoney’s patented technology, the Goldmoney Holding® is an online account that enables clients to invest, earn, or spend gold, silver, platinum, and palladium bullion that is securely stored in insured vaults located around the world.');
INSERT INTO public.location(id, name, latitude, longitude) VALUES (40,'Toronto - Ontario', '43.653226', '-79.383184');
INSERT INTO public.company_location(location_id, company_id) VALUES (40,39);
INSERT INTO public.company_category(category_id, company_id) VALUES (2,39);
INSERT INTO public.company_businessmodel(business_model_id, company_id) VALUES (2,39);
INSERT INTO public.company_group(group_id, company_id) VALUES (1,39);
INSERT INTO public.company_capabilities(capability_id, company_id) VALUES (1,39);
INSERT INTO public.company(id, name, description, phone, email, website, twitter, linkedin, key_features) VALUES ( 40,'EQBank', 'At EQ Bank, our digital banking division, we’re focused on building a better banking experience. With free everyday banking that you can access from your phone, EQ Bank makes sense in today’s world. ', '1-844-437-2265', 'contact@eqbank.ca', 'https://www.eqbank.ca', 'https://twitter.com/EQBank', 'https://www.linkedin.com/company-beta/515301/', 'Not technically inclined. Have online application process.');
INSERT INTO public.location(id, name, latitude, longitude) VALUES (41,'Toronto - Ontario', '43.653226', '-79.383184');
INSERT INTO public.company_location(location_id, company_id) VALUES (41,40);
INSERT INTO public.company_category(category_id, company_id) VALUES (1,40);
INSERT INTO public.company_category(category_id, company_id) VALUES (2,40);
INSERT INTO public.company_businessmodel(business_model_id, company_id) VALUES (2,40);
INSERT INTO public.company_group(group_id, company_id) VALUES (1,40);
INSERT INTO public.company_capabilities(capability_id, company_id) VALUES (1,40);
INSERT INTO public.company(id, name, description, phone, email, website, twitter, linkedin, key_features) VALUES ( 41,'Mint', 'Mint.com is a free, web-based personal financial management service for the US and Canada, created by Aaron Patzer. Mint originally provided account aggregation through a deal with Yodlee, but has since moved to using Intuit for connecting to accounts. Mint`s primary service allows users to track bank, credit card, investment, and loan balances and transactions through a single user interface, as well as create budgets and set financial goals. In 2009, Mint was acquired by Intuit, the makers of Quicken and TurboTax.', '', '', 'https://www.mint.com/', 'https://twitter.com/mint', '', 'Acquired by Intuit');
INSERT INTO public.location(id, name, latitude, longitude) VALUES (42,'Mountain View - California', '37.3860517', '-122.0838511');
INSERT INTO public.company_location(location_id, company_id) VALUES (42,41);
INSERT INTO public.company_category(category_id, company_id) VALUES (2,41);
INSERT INTO public.company_businessmodel(business_model_id, company_id) VALUES (1,41);
INSERT INTO public.company_group(group_id, company_id) VALUES (1,41);
INSERT INTO public.company_capabilities(capability_id, company_id) VALUES (1,41);
INSERT INTO public.company(id, name, description, phone, email, website, twitter, linkedin, key_features) VALUES ( 42,'OneLife Financial Solutions', 'ONELIFE Wealth Management is your solution-based financial planning organization. We know that what you keep is far more important than what you make. Work with us to build a customized plan to secure your financial future.', '613-741-5460', 'info@onelifewealth.com', 'http://www.onelifewealth.com/', '', 'https://www.linkedin.com/company-beta/2019887/', 'Debt Elimination Solutions');
INSERT INTO public.location(id, name, latitude, longitude) VALUES (43,'Toronto - Ontario', '43.653226', '-79.383184');
INSERT INTO public.company_location(location_id, company_id) VALUES (43,42);
INSERT INTO public.company_category(category_id, company_id) VALUES (2,42);
INSERT INTO public.company_category(category_id, company_id) VALUES (5,42);
INSERT INTO public.company_businessmodel(business_model_id, company_id) VALUES (2,42);
INSERT INTO public.company_group(group_id, company_id) VALUES (1,42);
INSERT INTO public.company_capabilities(capability_id, company_id) VALUES (2,42);
INSERT INTO public.company(id, name, description, phone, email, website, twitter, linkedin, key_features) VALUES ( 43,'Proliteracy', 'Proliteracy helps in seeing the complete financial picture. Forecast cost of an education. Explore financing options and Learn from the community. Proliteracy.ca uses open data to help Canadians plan financially for post-secondary education.', '', '', 'hello@proliteracy.ca', 'https://twitter.com/proliteracyca', '', 'Proliteracy.ca for business, Proliteracy.ca for schools');
INSERT INTO public.location(id, name, latitude, longitude) VALUES (44,'Toronto - Ontario', '43.653226', '-79.383184');
INSERT INTO public.company_location(location_id, company_id) VALUES (44,43);
INSERT INTO public.company_category(category_id, company_id) VALUES (2,43);
INSERT INTO public.company_businessmodel(business_model_id, company_id) VALUES (2,43);
INSERT INTO public.company_group(group_id, company_id) VALUES (1,43);
INSERT INTO public.company_capabilities(capability_id, company_id) VALUES (2,43);
INSERT INTO public.company(id, name, description, phone, email, website, twitter, linkedin, key_features) VALUES ( 44,'RateSeer', 'RateSeer is a new fintech startup that helps consumers find the most competitive banking, mortgage, credit card and loan rates. RateSeer also offers services to financial professionals that provide them with up to the minute detection and notification of changes to thousands of market rates, commodities, currency and economic indicators.', '', 'info@rateseer.com', 'http://www.rateseer.com/', 'https://twitter.com/rateseerco', '', 'RateSeer is always monitoring thousands of banks, credit card companies and loan providers to look for changes in service rates, terms and offerings.');
INSERT INTO public.location(id, name, latitude, longitude) VALUES (45,'Calgary - Alberta', '51.0486151', '-114.071169');
INSERT INTO public.company_location(location_id, company_id) VALUES (45,44);
INSERT INTO public.company_category(category_id, company_id) VALUES (1,44);
INSERT INTO public.company_category(category_id, company_id) VALUES (2,44);
INSERT INTO public.company_businessmodel(business_model_id, company_id) VALUES (2,44);
INSERT INTO public.company_group(group_id, company_id) VALUES (1,44);
INSERT INTO public.company_capabilities(capability_id, company_id) VALUES (1,44);
INSERT INTO public.company(id, name, description, phone, email, website, twitter, linkedin, key_features) VALUES ( 45,'Sensibill', 'Sensibill allows banking customers to manage their line-item receipts directly from their desktop and mobile banking applications. Customers use the service to keep track of important receipts for returns, exchanges, expenses, accounting, and taxes. Sensibill also leverages item-level purchase data to deliver additional value to customers including enhanced personal financial management and reminders for return and warranty expiry dates. We help power the future of banking innovation to allow financial institutions to better engage and retain their customers, leading to increased revenue and cost savings. ', '', '', 'http://getsensibill.com', 'https://twitter.com/getsensibill', 'https://www.linkedin.com/company-beta/3513561/', 'Digital Receipts, Omni-channel, Digital Banking, and Personal Financial Management');
INSERT INTO public.location(id, name, latitude, longitude) VALUES (46,'Toronto - Ontario', '43.653226', '-79.383184');
INSERT INTO public.company_location(location_id, company_id) VALUES (46,45);
INSERT INTO public.company_category(category_id, company_id) VALUES (2,45);
INSERT INTO public.company_businessmodel(business_model_id, company_id) VALUES (1,45);
INSERT INTO public.company_group(group_id, company_id) VALUES (1,45);
INSERT INTO public.company_capabilities(capability_id, company_id) VALUES (1,45);
INSERT INTO public.company(id, name, description, phone, email, website, twitter, linkedin, key_features) VALUES ( 46,'Zag Bank', 'Zag Bank is a part of the Desjardins Group, the leading cooperative financial group in Canada and the sixth largest cooperative financial group in the world. That has always provided us with the stability and resources we need to offer Canadians a new way to bank today and in the future. We started serving clients as Bank West in 2003 and changed our name to Zag Bank in 2014 to reflect our commitment to doing things differently.  we have chosen to offer all of our services online.', '', '', 'https://www.zagbank.ca/', 'https://twitter.com/zagbank', '', 'Zag Bank has been a wholly owned subsidiary of Desjardins Group since being acquired in 2011.');
INSERT INTO public.location(id, name, latitude, longitude) VALUES (47,'Toronto - Ontario', '43.653226', '-79.383184');
INSERT INTO public.company_location(location_id, company_id) VALUES (47,46);
INSERT INTO public.company_category(category_id, company_id) VALUES (1,46);
INSERT INTO public.company_category(category_id, company_id) VALUES (2,46);
INSERT INTO public.company_businessmodel(business_model_id, company_id) VALUES (1,46);
INSERT INTO public.company_group(group_id, company_id) VALUES (1,46);
INSERT INTO public.company_capabilities(capability_id, company_id) VALUES (1,46);
INSERT INTO public.company(id, name, description, phone, email, website, twitter, linkedin, key_features) VALUES ( 47,'Bench', 'Online bookkeeping for your business. We give you a team of bookkeepers to do your books, and simple, elegant software to track your finances.', '1 (888) 760 1940', 'help@bench.co', 'https://bench.co/', 'https://twitter.com/bench', '', 'Bookkeeping is a universal point of pain for entrepreneurs, and we’re changing that.');
INSERT INTO public.location(id, name, latitude, longitude) VALUES (48,'Vancouver - British Columbia', '49.2827291', '-123.120738');
INSERT INTO public.company_location(location_id, company_id) VALUES (48,47);
INSERT INTO public.company_category(category_id, company_id) VALUES (2,47);
INSERT INTO public.company_businessmodel(business_model_id, company_id) VALUES (1,47);
INSERT INTO public.company_group(group_id, company_id) VALUES (1,47);
INSERT INTO public.company_capabilities(capability_id, company_id) VALUES (1,47);
INSERT INTO public.company(id, name, description, phone, email, website, twitter, linkedin, key_features) VALUES ( 48,'Ferst Digital', 'Our purpose is to make you and your business more successful by bringing business banking into the 21st century. We`re building Canada`s first mobile-first API-based banking platform that helps startups and small businesses bank, manage their finances, and integrate all of their financial tools in a simple and intuitive way. ', '', '', 'https://www.ferstdigital.com/about', 'https://twitter.com/ferstdigital', 'https://www.linkedin.com/company-beta/11065927/', '');
INSERT INTO public.location(id, name, latitude, longitude) VALUES (49,'Montreal - Quebec', '45.5016889', '-73.567256');
INSERT INTO public.company_location(location_id, company_id) VALUES (49,48);
INSERT INTO public.company_category(category_id, company_id) VALUES (2,48);
INSERT INTO public.company_businessmodel(business_model_id, company_id) VALUES (1,48);
INSERT INTO public.company_group(group_id, company_id) VALUES (1,48);
INSERT INTO public.company_capabilities(capability_id, company_id) VALUES (1,48);
INSERT INTO public.company(id, name, description, phone, email, website, twitter, linkedin, key_features) VALUES ( 49,'Mentio', 'Automatic Cash Flow Forecast. Quickly see what money is coming in, and what bills you need to pay.  Catch any cash shortfalls before they happen. Get Paid Faster Mentio lets you know who to send reminders to – customers that usually pay late, and those that are already late. Plus, reminders are a breeze with one click emails.', '(604) 352-2828', 'info@mentio.ca', 'http://www.mentio.ca/', 'https://twitter.com/mentiohq', '', '');
INSERT INTO public.location(id, name, latitude, longitude) VALUES (50,'Vancouver - British Columbia', '49.2827291', '-123.120738');
INSERT INTO public.company_location(location_id, company_id) VALUES (50,49);
INSERT INTO public.company_category(category_id, company_id) VALUES (2,49);
INSERT INTO public.company_businessmodel(business_model_id, company_id) VALUES (1,49);
INSERT INTO public.company_group(group_id, company_id) VALUES (1,49);
INSERT INTO public.company_capabilities(capability_id, company_id) VALUES (1,49);
INSERT INTO public.company(id, name, description, phone, email, website, twitter, linkedin, key_features) VALUES ( 50,'Wagepoint', 'By providing access to capital (Lending), improving cash flow (Payments), delivering money to employees (Payroll), helping businesses get paid (Invoicing), preparing for tax time and providing business insights (Accounting, Receipts), Wave covers the spectrum of a small business owner`s financial life, and helps businesses grow and thrive.', '', '', '', '', '', '');
INSERT INTO public.location(id, name, latitude, longitude) VALUES (51,'Waterloo - Ontario', '43.464258', '-80.52041');
INSERT INTO public.company_location(location_id, company_id) VALUES (51,50);
INSERT INTO public.company_category(category_id, company_id) VALUES (1,50);
INSERT INTO public.company_category(category_id, company_id) VALUES (2,50);
INSERT INTO public.company_category(category_id, company_id) VALUES (3,50);
INSERT INTO public.company_businessmodel(business_model_id, company_id) VALUES (1,50);
INSERT INTO public.company_group(group_id, company_id) VALUES (1,50);
INSERT INTO public.company_capabilities(capability_id, company_id) VALUES (1,50);
INSERT INTO public.company(id, name, description, phone, email, website, twitter, linkedin, key_features) VALUES ( 51,'Wave', 'online accounting, small business, software development, SaaS, invoicing and payments, cloud based accounting application, payroll, receipts, risk, and product development', '', 'info@waveapps.com', 'https://www.waveapps.com/', 'https://twitter.com/wavehq', 'https://www.linkedin.com/company-beta/1196866/', 'online accounting, small business, software development, SaaS, invoicing and payments, cloud based accounting application, payroll, receipts, risk, and product development');
INSERT INTO public.location(id, name, latitude, longitude) VALUES (52,'Toronto - Ontario', '43.653226', '-79.383184');
INSERT INTO public.company_location(location_id, company_id) VALUES (52,51);
INSERT INTO public.company_businessmodel(business_model_id, company_id) VALUES (1,51);
INSERT INTO public.company_group(group_id, company_id) VALUES (1,51);
INSERT INTO public.company_capabilities(capability_id, company_id) VALUES (1,51);
INSERT INTO public.company(id, name, description, phone, email, website, twitter, linkedin, key_features) VALUES ( 52,'Carta Worldwide', 'Carta is an award-winning leader in digital transaction processing and enablement technologies, including Cloud Based Payments and Host Card Emulation (HCE), Tokenization, and Value Added Services such as Digital Offers, Loyalty and Stored Value solutions.', '+1 416 840 5611', 'info@cartaworldwide.com', 'https://cartaworldwide.com/', 'https://twitter.com/cartaworldwide', 'https://www.linkedin.com/company-beta/574946/', 'Carta empowers banks, MNOs, OEMs, merchants, program managers and others to enable existing cardholder accounts or issue new and innovative products for the digital world. Carta’s unique Cloud Suite platform enables rapid deployment of mobile solutions with breakthrough technology that overcomes technical constraints of existing systems and infrastructure.');
INSERT INTO public.location(id, name, latitude, longitude) VALUES (53,'Toronto - Ontario', '43.653226', '-79.383184');
INSERT INTO public.company_location(location_id, company_id) VALUES (53,52);
INSERT INTO public.company_category(category_id, company_id) VALUES (1,52);
INSERT INTO public.company_category(category_id, company_id) VALUES (3,52);
INSERT INTO public.company_businessmodel(business_model_id, company_id) VALUES (1,52);
INSERT INTO public.company_group(group_id, company_id) VALUES (1,52);
INSERT INTO public.company_capabilities(capability_id, company_id) VALUES (1,52);
INSERT INTO public.company(id, name, description, phone, email, website, twitter, linkedin, key_features) VALUES ( 53,'DreamPayments', 'Dream Payments enables merchants to sell everywhere using mobile devices. Dream’s cloud-based payment platform combined with its mobile point of sale device allows merchants to accept credit and debit cards, access rich analytics and reports, and provide digital receipts to customers. Dream’s solutions are secure, EMV compliant, and accept Contactless and Chip payment cards.', '', '', 'http://www.dreampayments.com/', 'https://twitter.com/dreampayments', 'https://www.linkedin.com/company-beta/5305951/', 'mobile point of sale, merchant solutions, credit card payments, debit card payments, merchant services, MPOS Platform, EMV, and payment processing');
INSERT INTO public.location(id, name, latitude, longitude) VALUES (54,'Toronto - Ontario', '43.653226', '-79.383184');
INSERT INTO public.company_location(location_id, company_id) VALUES (54,53);
INSERT INTO public.company_category(category_id, company_id) VALUES (3,53);
INSERT INTO public.company_businessmodel(business_model_id, company_id) VALUES (1,53);
INSERT INTO public.company_group(group_id, company_id) VALUES (1,53);
INSERT INTO public.company_capabilities(capability_id, company_id) VALUES (1,53);
INSERT INTO public.company(id, name, description, phone, email, website, twitter, linkedin, key_features) VALUES ( 54,'Ethoca', 'Ethoca is a secure network for card issuers and merchants to connect and work cooperatively outside the payment network in a unique and powerful way. Ethoca, through its innovative services, helps connect card issuers to online merchants to stop fraud that slips through their defences and recapture lost revenues.', '203.6088039', 'sales@ethoca.com', 'https://www.ethoca.com/', 'https://twitter.com/Ethoca', 'https://www.linkedin.com/company-beta/113996/', 'thoca’s network consists of card issuing banks and online merchants working cooperatively together through a single, automated, secure connection outside the payment networks stream to their mutual benefit.');
INSERT INTO public.location(id, name, latitude, longitude) VALUES (55,'Toronto - Ontario', '43.653226', '-79.383184');
INSERT INTO public.company_location(location_id, company_id) VALUES (55,54);
INSERT INTO public.company_category(category_id, company_id) VALUES (3,54);
INSERT INTO public.company_category(category_id, company_id) VALUES (7,54);
INSERT INTO public.company_businessmodel(business_model_id, company_id) VALUES (1,54);
INSERT INTO public.company_group(group_id, company_id) VALUES (1,54);
INSERT INTO public.company_capabilities(capability_id, company_id) VALUES (1,54);
INSERT INTO public.company(id, name, description, phone, email, website, twitter, linkedin, key_features) VALUES ( 55,'sounpays', 'Soundpays is a scalable, secure and ubiquitous mobile payment technology that enables transactions using inaudible sound waves from any speaker. We are the first and only technology to make purchasing directly from a video possible. Soundpays works using any device with a microphone and internet connection, allowing purchasing from TV & radio, online and in-store. ', '1-800-341-1875', '', 'https://soundpays.com/', '', 'https://www.linkedin.com/company-beta/10135105/', '');
INSERT INTO public.location(id, name, latitude, longitude) VALUES (56,'Toronto - Ontario', '43.653226', '-79.383184');
INSERT INTO public.company_location(location_id, company_id) VALUES (56,55);
INSERT INTO public.company_category(category_id, company_id) VALUES (3,55);
INSERT INTO public.company_businessmodel(business_model_id, company_id) VALUES (2,55);
INSERT INTO public.company_group(group_id, company_id) VALUES (1,55);
INSERT INTO public.company_capabilities(capability_id, company_id) VALUES (1,55);
INSERT INTO public.company(id, name, description, phone, email, website, twitter, linkedin, key_features) VALUES ( 56,'Tacit Innovations', 'Tacit Innovations is a fast growing technology company that is quickly being recognized as a relevant player transforming the way restaurants engage and service their customers. The company’s capabilities take advantage of mobile technologies and cutting edge platform development to enable innovative, progressive, relevant and easy to use customer experiences. Tacit Innovations is on a quest to revolutionize the way consumers discover, browse, order and pay for their meals at their favorite restaurant.', '(866) 962-3426', 'info@tacitinnovations.com', 'http://tacitinnovations.com/', '', 'https://www.linkedin.com/company-beta/2929954/', 'maegan™ is the company’s initial offering targeted to serve the hospitality industry.');
INSERT INTO public.location(id, name, latitude, longitude) VALUES (57,'Toronto - Ontario', '43.653226', '-79.383184');
INSERT INTO public.company_location(location_id, company_id) VALUES (57,56);
INSERT INTO public.company_category(category_id, company_id) VALUES (3,56);
INSERT INTO public.company_businessmodel(business_model_id, company_id) VALUES (1,56);
INSERT INTO public.company_group(group_id, company_id) VALUES (1,56);
INSERT INTO public.company_capabilities(capability_id, company_id) VALUES (1,56);
INSERT INTO public.company(id, name, description, phone, email, website, twitter, linkedin, key_features) VALUES ( 57,'Braintree Payments', 'We provide the global commerce tools people need to build businesses, accept payments, and enable commerce for their users. It’s the simplest way to get paid for your great ideas -- across any device, and through almost any payment method. Merchants in more than 40 countries worldwide can accept, split, and enable payments in more than 130 currencies using Braintree.', '877.511.5036', 'info@braintreepayments.com', 'braintreepayments.com', 'https://twitter.com/braintree', '', 'Acquired by PayPal ');
INSERT INTO public.location(id, name, latitude, longitude) VALUES (58,'Chicago - Illinois', '41.878114', '-87.629798');
INSERT INTO public.company_location(location_id, company_id) VALUES (58,57);
INSERT INTO public.company_category(category_id, company_id) VALUES (2,57);
INSERT INTO public.company_category(category_id, company_id) VALUES (3,57);
INSERT INTO public.company_businessmodel(business_model_id, company_id) VALUES (1,57);
INSERT INTO public.company_group(group_id, company_id) VALUES (1,57);
INSERT INTO public.company_capabilities(capability_id, company_id) VALUES (1,57);
INSERT INTO public.company(id, name, description, phone, email, website, twitter, linkedin, key_features) VALUES ( 58,'ChangeJAr', 'ChangeJar is a mobile app that allows you to carry cash on your phone. Use that cash to: TIP, TRANSFER, PAY. Payments with ChangeJar are quick and easy. All it takes is a scan of your phone and it’ll be processed in seconds.', '', 'info@changejar.com', 'https://www.changejar.com/', 'https://twitter.com/ChangeJarMobile', '', '');
INSERT INTO public.location(id, name, latitude, longitude) VALUES (59,'Ottawa - Quebec', '45.4373486', '-75.63875');
INSERT INTO public.company_location(location_id, company_id) VALUES (59,58);
INSERT INTO public.company_category(category_id, company_id) VALUES (3,58);
INSERT INTO public.company_businessmodel(business_model_id, company_id) VALUES (1,58);
INSERT INTO public.company_businessmodel(business_model_id, company_id) VALUES (2,58);
INSERT INTO public.company_group(group_id, company_id) VALUES (1,58);
INSERT INTO public.company_capabilities(capability_id, company_id) VALUES (1,58);
INSERT INTO public.company(id, name, description, phone, email, website, twitter, linkedin, key_features) VALUES ( 59,'Control', 'Control is a leader in mobile payment analytics and alerts for SaaS, subscription and eCommerce businesses, enabling instant intelligence anywhere via its Android, iOS, and web-based products. Control consolidates data from multiple sources such as PayPal, Square and Stripe, to provide real-time revenue and customer information, fraud detection, and key metrics customized to your business type — instantly.', '', '', 'https://www.getcontrol.co/', 'https://twitter.com/GetControlApp', 'https://www.linkedin.com/company-beta/3660959/', 'Stripe, Mobile App, Payments, PayPal, Square, Analytics, Web App, and Omnichannel Analytics');
INSERT INTO public.location(id, name, latitude, longitude) VALUES (60,'Vancouver - British Columbia', '49.2827291', '-123.120738');
INSERT INTO public.company_location(location_id, company_id) VALUES (60,59);
INSERT INTO public.company_category(category_id, company_id) VALUES (3,59);
INSERT INTO public.company_businessmodel(business_model_id, company_id) VALUES (1,59);
INSERT INTO public.company_group(group_id, company_id) VALUES (1,59);
INSERT INTO public.company_capabilities(capability_id, company_id) VALUES (1,59);
INSERT INTO public.company(id, name, description, phone, email, website, twitter, linkedin, key_features) VALUES ( 60,'Digital Retail Apps', 'Digital Retail Apps is a mobile application that enables users to scan, view, and purchase items through their smartphones.', '', '', 'http://digitalretailapps.com/about/', 'https://twitter.com/digitalretail', '', 'SelfPay extends retailers’ existing POS to the mobile device and offers a large selection of major payment methods -- all within a retailer branded in-app shopping experience. SelfPay is the natural and inevitable evolution of POS.');
INSERT INTO public.location(id, name, latitude, longitude) VALUES (61,'Toronto - Ontario', '43.653226', '-79.383184');
INSERT INTO public.company_location(location_id, company_id) VALUES (61,60);
INSERT INTO public.company_category(category_id, company_id) VALUES (3,60);
INSERT INTO public.company_businessmodel(business_model_id, company_id) VALUES (2,60);
INSERT INTO public.company_group(group_id, company_id) VALUES (1,60);
INSERT INTO public.company_capabilities(capability_id, company_id) VALUES (1,60);
INSERT INTO public.company(id, name, description, phone, email, website, twitter, linkedin, key_features) VALUES ( 61,'Berkeley Payment', 'Berkeley Payment Solutions delivers MasterCard and Visa prepaid card programs for corporations, governments, and financial institutions. As a trusted payment solutions provider, we help clients navigate the payments industry ecosystem and offer an extensive suite of services including prepaid card program management, product development, accounting and reporting, IT consulting and integration, processing, card design, and card fulfillment.', '1-888-642-2881', 'info@berkeleypayment.com.', 'http://berkeleypayment.com/', '', 'https://www.linkedin.com/company/560764/', 'Prepaid Visa Card Programs, Rebate, Government, Reimbursements, Incentive, and Loyalty');
INSERT INTO public.location(id, name, latitude, longitude) VALUES (62,'Toronto - Ontario', '43.653226', '-79.383184');
INSERT INTO public.company_location(location_id, company_id) VALUES (62,61);
INSERT INTO public.company_category(category_id, company_id) VALUES (3,61);
INSERT INTO public.company_businessmodel(business_model_id, company_id) VALUES (1,61);
INSERT INTO public.company_group(group_id, company_id) VALUES (6,61);
INSERT INTO public.company_capabilities(capability_id, company_id) VALUES (1,61);
INSERT INTO public.company(id, name, description, phone, email, website, twitter, linkedin, key_features) VALUES ( 62,'CardSwap', 'The CardSwap platform offers Canadians a fast, easy, and completely secure way to sell unwanted gift cards for cash, buy gift cards and earn rewards, and even donate gift cards to a charitable cause.', '1 (416) 491-2233', 'clientcare@cardswap.ca', 'https://www.cardswap.ca/', '', '', 'Online portal for buying, selling and Redeeming gift cards,');
INSERT INTO public.location(id, name, latitude, longitude) VALUES (63,'Toronto - Ontario', '43.653226', '-79.383184');
INSERT INTO public.company_location(location_id, company_id) VALUES (63,62);
INSERT INTO public.company_category(category_id, company_id) VALUES (3,62);
INSERT INTO public.company_businessmodel(business_model_id, company_id) VALUES (2,62);
INSERT INTO public.company_group(group_id, company_id) VALUES (3,62);
INSERT INTO public.company_capabilities(capability_id, company_id) VALUES (1,62);
INSERT INTO public.company(id, name, description, phone, email, website, twitter, linkedin, key_features) VALUES ( 63,'Dwello', ' We`re proudly Canadian company that has been processing rental payments since 2012. We`ve been working together with Canadian payment providers, lawyers and jumping over hurdles to bring you this service to the property management landscape, and we`re only looking to do more.', '     1 (877) 217-9185', '', 'http://www.dwello.com/', 'https://twitter.com/dwello', '', '');
INSERT INTO public.location(id, name, latitude, longitude) VALUES (64,'Toronto - Ontario', '43.653226', '-79.383184');
INSERT INTO public.company_location(location_id, company_id) VALUES (64,63);
INSERT INTO public.company_category(category_id, company_id) VALUES (3,63);
INSERT INTO public.company_businessmodel(business_model_id, company_id) VALUES (1,63);
INSERT INTO public.company_group(group_id, company_id) VALUES (3,63);
INSERT INTO public.company_capabilities(capability_id, company_id) VALUES (1,63);
INSERT INTO public.company(id, name, description, phone, email, website, twitter, linkedin, key_features) VALUES ( 64,'Everpay', 'Everpay is an online, multinational payment transaction company that specializes in electronic payment solutions; providing a platform that allows for safe, secure payment transactions and money transfers to be made via the Internet. Online payment transactions have already gained popularity when shopping with credit cards and serve as an electronic alternative to paying with paper based methods, such as checks or money orders. With the advent of several technologies and Wi-Fi devices enabling the increased use of electronic payments Everpay has set very ambitious yet achievable targets in order to provide a new paradigm in the realm of financial service provision. ', '+1 416 847 6786', '', 'http://www.everpayinc.com/', 'https://twitter.com/Everpay', '', '');
INSERT INTO public.location(id, name, latitude, longitude) VALUES (65,'Montreal - Quebec', '45.5016889', '-73.567256');
INSERT INTO public.company_location(location_id, company_id) VALUES (65,64);
INSERT INTO public.company_category(category_id, company_id) VALUES (3,64);
INSERT INTO public.company_businessmodel(business_model_id, company_id) VALUES (1,64);
INSERT INTO public.company_group(group_id, company_id) VALUES (3,64);
INSERT INTO public.company_capabilities(capability_id, company_id) VALUES (1,64);
INSERT INTO public.company(id, name, description, phone, email, website, twitter, linkedin, key_features) VALUES ( 65,'Flywire', 'Convenient, fast and secure, Flywire’s scalable platform provides currency conversion at exchange rates that can offer significant savings when compared to home-market banks and credit card providers. The company also supports its clients with end-to- end customer support including multilingual servicing via phone, email, and chat, as well as 24/7 online payment tracking. Company investors include Bain Capital Ventures, Spark Capital, FPrime Capital (formerly Devonshire), Accel Partners, and QED Investors', '18003469252', '', 'https://www.flywire.com/', 'https://twitter.com/FlywireCo', 'https://www.linkedin.com/company-beta/434598/', 'global payments, tuition, financial services, universities, higher education, online, currency, payment processing, international students, international patients, and international receivables');
INSERT INTO public.location(id, name, latitude, longitude) VALUES (66,'Boston - Massachusetts', '42.3600825', '-71.05888');
INSERT INTO public.company_location(location_id, company_id) VALUES (66,65);
INSERT INTO public.location(id, name, latitude, longitude) VALUES (67,'Toronto - Ontario', '43.653226', '-79.383184');
INSERT INTO public.company_location(location_id, company_id) VALUES (67,65);
INSERT INTO public.company_category(category_id, company_id) VALUES (3,65);
INSERT INTO public.company_businessmodel(business_model_id, company_id) VALUES (1,65);
INSERT INTO public.company_group(group_id, company_id) VALUES (3,65);
INSERT INTO public.company_capabilities(capability_id, company_id) VALUES (1,65);
INSERT INTO public.company(id, name, description, phone, email, website, twitter, linkedin, key_features) VALUES ( 66,'Granify', 'Granify automatically maximizes revenue for online retailers by identifying shoppers that aren’t going to buy and changing their mind - before they leave the site - by harnessing the power of real-time big data and machine learning. We’re at the intersection of artificial intelligence and e-commerce, providing a SaaS solution that enables online retailers to maximise their sales by using cutting edge big data and machine learning technologies', '1-844-(472-6439)', '', 'https://www.granify.com/', 'https://twitter.com/granify', 'https://www.linkedin.com/company-beta/2403940/', 'Big data analytics, Conversion, Online retailers, E-commerce, and Conversion rate optimization');
INSERT INTO public.location(id, name, latitude, longitude) VALUES (68,'Edmonton - Alberta', '53.544389', '-113.490927');
INSERT INTO public.company_location(location_id, company_id) VALUES (68,66);
INSERT INTO public.company_category(category_id, company_id) VALUES (3,66);
INSERT INTO public.company_businessmodel(business_model_id, company_id) VALUES (1,66);
INSERT INTO public.company_group(group_id, company_id) VALUES (3,66);
INSERT INTO public.company_capabilities(capability_id, company_id) VALUES (1,66);
INSERT INTO public.company(id, name, description, phone, email, website, twitter, linkedin, key_features) VALUES ( 67,'Guusto', 'A new hospitality gifting app that offers a thoughtful and easy way to instantly treat clients, colleagues, family or friends to a little something when you can`t be there in person. Send drinks, food and more to wish happy birthday, thank, celebrate, reward, congratulate, impress, say sorry, encourage, cheer up, or just because.', '778.331.1053', 'info@guusto.com', 'http://www.guusto.com/', 'https://twitter.com/guustogifts', '', 'iPhone App, Android App');
INSERT INTO public.location(id, name, latitude, longitude) VALUES (69,'Vancouver - British Columbia', '49.282729', '-123.120738');
INSERT INTO public.company_location(location_id, company_id) VALUES (69,67);
INSERT INTO public.company_category(category_id, company_id) VALUES (3,67);
INSERT INTO public.company_businessmodel(business_model_id, company_id) VALUES (2,67);
INSERT INTO public.company_group(group_id, company_id) VALUES (3,67);
INSERT INTO public.company_capabilities(capability_id, company_id) VALUES (1,67);
INSERT INTO public.company(id, name, description, phone, email, website, twitter, linkedin, key_features) VALUES ( 68,'Hubba', 'The purpose of Hubba is to allow brands and retailers to share “single source of truth” product information in real-time so consumers always have what they need to make the smartest and quickest purchase decisions. As time has gone on and Hubba has grown, we’re more than just sharing. Hubba now includes industry experts to connect with, a product discovery platform, industry news and an automated product listing platform that simplifies the process to work with big-box retailers like Walmart and Target.', '', '', 'http://www.hubba.com', 'https://twitter.com/hubba', 'https://www.linkedin.com/company-beta/2242581/', 'Product Content Management, Enterprise Software, Discovery Network, Digital Asset Management, Product Information Management, Product Information Network, and B2B Software');
INSERT INTO public.location(id, name, latitude, longitude) VALUES (70,'Toronto - Ontario', '43.653226', '-79.383184');
INSERT INTO public.company_location(location_id, company_id) VALUES (70,68);
INSERT INTO public.company_category(category_id, company_id) VALUES (3,68);
INSERT INTO public.company_businessmodel(business_model_id, company_id) VALUES (1,68);
INSERT INTO public.company_group(group_id, company_id) VALUES (3,68);
INSERT INTO public.company_capabilities(capability_id, company_id) VALUES (1,68);
INSERT INTO public.company(id, name, description, phone, email, website, twitter, linkedin, key_features) VALUES ( 69,'Hyperwallet', 'Hyperwallet’s global payout platform enables localized, multi-currency distribution to just about anywhere in the world. Our payout solutions are available as an SaaS or through REST API integration, and all include systems monitoring, maintenance management, payee support tools, and KYC/AML compliance. Our range of unique payout options ensure that your payees get their money quickly, conveniently, and affordably—wherever they are. ', '', '', 'https://www.hyperwallet.com/', 'https://twitter.com/hyperwallet', 'https://www.linkedin.com/company-beta/150981/', 'Online & Mobile Payments, International Payments, Financial Technology Solutions, Prepaid Cards, Global Bank Deposits, Virtual Prepaid Cards, Check Delivery, Direct to Card, and Cash Via Agent');
INSERT INTO public.location(id, name, latitude, longitude) VALUES (71,'Vancouver - British Columbia', '49.2827291', '-123.120738');
INSERT INTO public.company_location(location_id, company_id) VALUES (71,69);
INSERT INTO public.company_category(category_id, company_id) VALUES (3,69);
INSERT INTO public.company_businessmodel(business_model_id, company_id) VALUES (1,69);
INSERT INTO public.company_group(group_id, company_id) VALUES (3,69);
INSERT INTO public.company_capabilities(capability_id, company_id) VALUES (1,69);
INSERT INTO public.company(id, name, description, phone, email, website, twitter, linkedin, key_features) VALUES ( 70,'LemonStand', 'LemonStand is a refreshingly customizable eCommerce platform for fast growing online retail brands. Easily design, create and publish content to grow organic website traffic, and educate customers using our flexible content management system.', ' (604) 398-4188', 'sales@lemonstand.com', 'https://lemonstand.com/', '', 'https://www.linkedin.com/company-beta/438058/', 'Completely customize the entire user experience including the checkout process using your favorite front-end techniques. Partnered with Heap fro back-end data collection. eCommerce, Online retail, Cloud eCommerce, and web design Featured Groups');
INSERT INTO public.location(id, name, latitude, longitude) VALUES (72,'Vancouver - British Columbia', '49.2827291', '-123.120738');
INSERT INTO public.company_location(location_id, company_id) VALUES (72,70);
INSERT INTO public.company_category(category_id, company_id) VALUES (3,70);
INSERT INTO public.company_businessmodel(business_model_id, company_id) VALUES (1,70);
INSERT INTO public.company_group(group_id, company_id) VALUES (3,70);
INSERT INTO public.company_capabilities(capability_id, company_id) VALUES (1,70);
INSERT INTO public.company(id, name, description, phone, email, website, twitter, linkedin, key_features) VALUES ( 71,'Lightspeed', 'Lightspeed is the leading provider of cloud-based point of sale solutions.  Lightspeed provides small and medium sized retail and restaurant businesses with point of sale solutions.', '855-300-7108', 'info@lightspeedhq.com', 'https://www.lightspeedhq.com/', 'https://twitter.com/LightspeedHQ', 'https://www.linkedin.com/company-beta/1557218/', '');
INSERT INTO public.location(id, name, latitude, longitude) VALUES (73,'Montreal - Quebec', '45.5016889', '-73.567256');
INSERT INTO public.company_location(location_id, company_id) VALUES (73,71);
INSERT INTO public.company_category(category_id, company_id) VALUES (3,71);
INSERT INTO public.company_businessmodel(business_model_id, company_id) VALUES (1,71);
INSERT INTO public.company_group(group_id, company_id) VALUES (3,71);
INSERT INTO public.company_capabilities(capability_id, company_id) VALUES (1,71);
INSERT INTO public.company(id, name, description, phone, email, website, twitter, linkedin, key_features) VALUES ( 72,'Loadhub', 'A convenient and secure real-time financial solution that makes it easy for your customers to load money, make payments, or transfer funds at any of the 6,000 participating Canada Post locations across Canada. Loadhub uses Quick Response (QR) barcode technology integrated with Canada Post’s point-of-sale system. ', '1-866-860-8838', 'loadhub@paymentsource.ca', 'https://www.paymentsource.ca/loadhub', 'https://twitter.com/LoadhubCA', 'https://www.linkedin.com/showcase/10461647/', '');
INSERT INTO public.location(id, name, latitude, longitude) VALUES (74,'Toronto - Ontario', '43.653226', '-79.383184');
INSERT INTO public.company_location(location_id, company_id) VALUES (74,72);
INSERT INTO public.company_category(category_id, company_id) VALUES (3,72);
INSERT INTO public.company_businessmodel(business_model_id, company_id) VALUES (1,72);
INSERT INTO public.company_group(group_id, company_id) VALUES (3,72);
INSERT INTO public.company_capabilities(capability_id, company_id) VALUES (1,72);
INSERT INTO public.company(id, name, description, phone, email, website, twitter, linkedin, key_features) VALUES ( 73,'Lucova', 'We are disrupting the Point-of-Sale by re-imagining a solution that connects with our everyday smartphone devices. From Customer Recognition software, to Hands Free Payments, to Point of Experience software and everything in between, we’re bringing people, data and technology together to power everyday moments in-store.', '1.866.338.7780', 'info@lucova.com', 'https://www.lucova.com/', 'https://twitter.com/lucova', 'https://www.linkedin.com/company-beta/3230683/', '');
INSERT INTO public.location(id, name, latitude, longitude) VALUES (75,'Toronto - Ontario', '43.653226', '-79.383184');
INSERT INTO public.company_location(location_id, company_id) VALUES (75,73);
INSERT INTO public.company_category(category_id, company_id) VALUES (3,73);
INSERT INTO public.company_businessmodel(business_model_id, company_id) VALUES (1,73);
INSERT INTO public.company_group(group_id, company_id) VALUES (3,73);
INSERT INTO public.company_capabilities(capability_id, company_id) VALUES (1,73);
INSERT INTO public.company(id, name, description, phone, email, website, twitter, linkedin, key_features) VALUES ( 74,'Mobeewave', 'Mobeewave sees the evolution of cashless payment from cards towards ubiquitous mobile money. By equipping a mobile phone with secure, contactless payment-acceptance capability, Mobeewave’s award-winning patented technology powers a True Wallet Experience for consumers, allowing them to put cash in to their mobile wallets as well as make payments. With Mobeewave, anyone can accept cashless payment for anything, anyhow, enabling in-person consumer-to-consumer transactions, between strangers as well as friends and family, in a secure, trusted and open environment.', '15145733287', 'info@mobeewave.com ', 'http://mobeewave.com/en/home-2/', '', 'https://www.linkedin.com/company-beta/2183970', '');
INSERT INTO public.location(id, name, latitude, longitude) VALUES (76,'Montreal - Quebec', '45.5016889', '-73.567256');
INSERT INTO public.company_location(location_id, company_id) VALUES (76,74);
INSERT INTO public.company_category(category_id, company_id) VALUES (3,74);
INSERT INTO public.company_businessmodel(business_model_id, company_id) VALUES (2,74);
INSERT INTO public.company_group(group_id, company_id) VALUES (3,74);
INSERT INTO public.company_capabilities(capability_id, company_id) VALUES (1,74);
INSERT INTO public.company(id, name, description, phone, email, website, twitter, linkedin, key_features) VALUES ( 75,'Nanopay', 'We are focused on 4 primary use cases for payments:
1.  Cross-Border Payments Enable instantaneous, multi- currency transfer of funds across borders and continents; Satisfy diverse global risk and compliance requirements.
2. B2B Payments Exchange goods and services with international trading partners with complete transparency and transaction context; Improve cash flow without exchanging sensitive banking information.
3. Digital Cash Designed to enable person-to- person (P2P) payments online and in-store; Securely store and instantly transfer value with a collateralized, bearer-asset system.
4.  Capital Markets Integrate digital cash into banks’ back-end systems to reduce clearing and settlement costs;  Free trapped capital caused by typical T+3 timeframes', '+1 (416) 900-1111', 'info@nanopay.net', 'http://www.nanopay.net', 'https://twitter.com/nano_pay/', 'https://www.linkedin.com/company-beta/5183090/', 'Payments, Mobile Payments, Digital Cash, and Loyalty');
INSERT INTO public.location(id, name, latitude, longitude) VALUES (77,'Toronto - Ontario', '43.653226', '-79.383184');
INSERT INTO public.company_location(location_id, company_id) VALUES (77,75);
INSERT INTO public.company_category(category_id, company_id) VALUES (3,75);
INSERT INTO public.company_category(category_id, company_id) VALUES (8,75);
INSERT INTO public.company_businessmodel(business_model_id, company_id) VALUES (1,75);
INSERT INTO public.company_businessmodel(business_model_id, company_id) VALUES (2,75);
INSERT INTO public.company_group(group_id, company_id) VALUES (3,75);
INSERT INTO public.company_capabilities(capability_id, company_id) VALUES (1,75);
INSERT INTO public.company(id, name, description, phone, email, website, twitter, linkedin, key_features) VALUES ( 76,'nTrust', 'nTrust is a regulated and trusted platform that allows users to easily manage their bitcoin. Members can instantly purchase bitcoin from multiple currencies, store it, send it and receive it anywhere, or withdraw safely to a personal or recipient bank account. nTrust is working to provide equal opportunity and financial access to everyone, everywhere.', '1-855-687-8788', 'help@nTrust.com', 'https://www.ntrust.com/', 'https://twitter.com/ntrust', 'https://www.linkedin.com/company-beta/2592620/', 'online money transfers, international money transfers, prepaid credit cards, international remittance, bitcoin, bitcoin exchange, and bitcoin wallets');
INSERT INTO public.location(id, name, latitude, longitude) VALUES (78,'Vancouver - British Columbia', '49.2827291', '-123.120738');
INSERT INTO public.company_location(location_id, company_id) VALUES (78,76);
INSERT INTO public.company_category(category_id, company_id) VALUES (2,76);
INSERT INTO public.company_category(category_id, company_id) VALUES (3,76);
INSERT INTO public.company_category(category_id, company_id) VALUES (4,76);
INSERT INTO public.company_category(category_id, company_id) VALUES (8,76);
INSERT INTO public.company_businessmodel(business_model_id, company_id) VALUES (2,76);
INSERT INTO public.company_group(group_id, company_id) VALUES (3,76);
INSERT INTO public.company_capabilities(capability_id, company_id) VALUES (1,76);
INSERT INTO public.company(id, name, description, phone, email, website, twitter, linkedin, key_features) VALUES ( 77,'Okanii', 'Okanii, we offer a secure, scalable and networked digital token (coin) based electronic cash payment platform solution for global commerce. Our solution provides a superior consumer experience, with an intuitive, simple, and easy to understand user interface, a high-strength cryptography-based security model, the convenience of mobile transactions, and unmatched consumer privacy. Our solution can be offered as a platform-as-a-service (PAAS) solution to financial institutions (FI’s), mobile carriers, merchant payment service providers (PSP’s), governments and central banks. It can support multiple transaction types, in any currency, for person-to-person (P2P), and consumer-to-business (C2B) payments and business-to-business (B2B) payments.', '289.813.1121', '', 'https://www.okanii.com/', '', '', '');
INSERT INTO public.location(id, name, latitude, longitude) VALUES (79,'Toronto - Ontario', '43.653226', '-79.383184');
INSERT INTO public.company_location(location_id, company_id) VALUES (79,77);
INSERT INTO public.company_category(category_id, company_id) VALUES (3,77);
INSERT INTO public.company_category(category_id, company_id) VALUES (4,77);
INSERT INTO public.company_businessmodel(business_model_id, company_id) VALUES (2,77);
INSERT INTO public.company_group(group_id, company_id) VALUES (3,77);
INSERT INTO public.company_capabilities(capability_id, company_id) VALUES (1,77);
INSERT INTO public.company(id, name, description, phone, email, website, twitter, linkedin, key_features) VALUES ( 78,'Paycase', 'Paycase is a mobile-first universal remittance platform aimed at challenging and changing the traditional money transfer model. As a team, we have created a service that allows our customers to send money across the world for a fraction of the current industry standard; quickly, reliably, and on-the-go! ', '', 'support@paycase.com', 'https://www.paycase.com/', 'https://twitter.com/paycaseapp', 'https://www.linkedin.com/company-beta/9396458/', 'Online Money Transfers and Remittances');
INSERT INTO public.location(id, name, latitude, longitude) VALUES (80,'Toronto - Ontario', '43.653226', '-79.383184');
INSERT INTO public.company_location(location_id, company_id) VALUES (80,78);
INSERT INTO public.company_category(category_id, company_id) VALUES (3,78);
INSERT INTO public.company_businessmodel(business_model_id, company_id) VALUES (2,78);
INSERT INTO public.company_group(group_id, company_id) VALUES (3,78);
INSERT INTO public.company_capabilities(capability_id, company_id) VALUES (1,78);
INSERT INTO public.company(id, name, description, phone, email, website, twitter, linkedin, key_features) VALUES ( 79,'payfirma', 'Payfirma is an award-winning payments company that helps businesses accept credit and debit cards online, in-stores, and on mobile devices. Over 8,000 businesses across North America use Payfirma’s payment tools to get paid easily and keep all transaction data in one, simple place. When businesses use data to make decisions abut customers, products, and employees, they run smarter, more successful companies. ', '+1 (800) 747-6883', 'info@payfirma.com', 'https://www.payfirma.com/', 'https://twitter.com/Payfirma', 'https://www.linkedin.com/company-beta/1662576/', '');
INSERT INTO public.location(id, name, latitude, longitude) VALUES (81,'Vancouver - British Columbia', '49.2827291', '-123.120738');
INSERT INTO public.company_location(location_id, company_id) VALUES (81,79);
INSERT INTO public.company_category(category_id, company_id) VALUES (3,79);
INSERT INTO public.company_businessmodel(business_model_id, company_id) VALUES (1,79);
INSERT INTO public.company_group(group_id, company_id) VALUES (3,79);
INSERT INTO public.company_capabilities(capability_id, company_id) VALUES (1,79);
INSERT INTO public.company(id, name, description, phone, email, website, twitter, linkedin, key_features) VALUES ( 80,'Payment Rails', 'Payment Rails is simplifying cross-border payouts for online marketplaces, share economy, crowdsourcing, affiliate platforms, app stores, and crowdfunding platforms. Make payouts to your independent contractors, affiliates and suppliers anywhere in the world in 150+ currencies through our payouts-as-a-service platform. We offer a powerful API or you can upload batch files through our dashboard portal. Recipients have the choice of how they want to receive their funds and in which currency: direct to their own bank account, credit card, prepaid card, cash pick-up, check, paypal + other options. ', '', '', 'https://www.paymentrails.com/', 'https://twitter.com/paymentrails', 'https://www.linkedin.com/company-beta/10001557/', '');
INSERT INTO public.location(id, name, latitude, longitude) VALUES (82,'Toronto - Ontario', '43.653226', '-79.383184');
INSERT INTO public.company_location(location_id, company_id) VALUES (82,80);
INSERT INTO public.company_category(category_id, company_id) VALUES (3,80);
INSERT INTO public.company_businessmodel(business_model_id, company_id) VALUES (2,80);
INSERT INTO public.company_group(group_id, company_id) VALUES (3,80);
INSERT INTO public.company_capabilities(capability_id, company_id) VALUES (1,80);
INSERT INTO public.company(id, name, description, phone, email, website, twitter, linkedin, key_features) VALUES ( 81,'paymentus', ' Our highly committed, creative employees turned an idea into a secure, SAAS-based Customer Engagement and Payment Platform; one that enables direct-bill organizations to provide a unified customer experience and boost adoption of cost-saving electronic billing and payment services.', '', '', 'https://www.paymentus.com/', '', '', '');
INSERT INTO public.location(id, name, latitude, longitude) VALUES (83,'Richmond Hill - Ontario', '43.88284', '-79.440281');
INSERT INTO public.company_location(location_id, company_id) VALUES (83,81);
INSERT INTO public.company_category(category_id, company_id) VALUES (3,81);
INSERT INTO public.company_businessmodel(business_model_id, company_id) VALUES (1,81);
INSERT INTO public.company_group(group_id, company_id) VALUES (3,81);
INSERT INTO public.company_capabilities(capability_id, company_id) VALUES (1,81);
INSERT INTO public.company(id, name, description, phone, email, website, twitter, linkedin, key_features) VALUES ( 82,'Paymobile', 'Paymobile Inc. provides carrier-class transaction solutions for consumers and corporate clients. It offers end-to-end payment solutions targeting various sales verticals, including government disbursements, payroll, corporate incentives, gift, consumer spend, social payments, and remittance. The company’s mobile technology allows customers to download a Paymobile app for their smartphone or use SMS messaging to perform functions, such as viewing their account balance and transaction history, and sending and receiving fund transfers in real-time. Its integrated money-transfer feature allows cardholders to transfer funds over their mobile device to another cardholder in real-time over the Visa Money Transfer platform. ', '888-966-6246', '', 'www.paymobile.com', 'https://twitter.com/paymobileab', 'https://www.linkedin.com/company-beta/3830398/', 'Online rent and condo fees payment. and Resident portals');
INSERT INTO public.location(id, name, latitude, longitude) VALUES (84,'Toronto - Ontario', '43.653226', '-79.383184');
INSERT INTO public.company_location(location_id, company_id) VALUES (84,82);
INSERT INTO public.company_category(category_id, company_id) VALUES (3,82);
INSERT INTO public.company_businessmodel(business_model_id, company_id) VALUES (1,82);
INSERT INTO public.company_group(group_id, company_id) VALUES (3,82);
INSERT INTO public.company_capabilities(capability_id, company_id) VALUES (1,82);
INSERT INTO public.company(id, name, description, phone, email, website, twitter, linkedin, key_features) VALUES ( 83,'Payquad', 'Payquad Solutions was formed to simplify the rent payment process through digital automation. We have created an online platform which is amazingly simple to use. As partners of Visa, Mastercard, and American Express, we offer residents a variety of online payment methods including credit cards, debit cards and direct debit from your chequing account. In addition, our tenant portals come fully loaded with other great features like maintenance requests, a communication module and resident rewards to totally revolutionize the resident experience. ', '1 888 385 9037', 'info@payquad.com', 'https://payquad.com', 'https://twitter.com/payquadinc', 'https://www.linkedin.com/company-beta/5391096/', '');
INSERT INTO public.location(id, name, latitude, longitude) VALUES (85,'Toronto - Ontario', '43.653226', '-79.383184');
INSERT INTO public.company_location(location_id, company_id) VALUES (85,83);
INSERT INTO public.company_category(category_id, company_id) VALUES (3,83);
INSERT INTO public.company_businessmodel(business_model_id, company_id) VALUES (2,83);
INSERT INTO public.company_group(group_id, company_id) VALUES (3,83);
INSERT INTO public.company_capabilities(capability_id, company_id) VALUES (1,83);
INSERT INTO public.company(id, name, description, phone, email, website, twitter, linkedin, key_features) VALUES ( 84,'Pivotal Payments', 'Pivotal Payments is a leading provider of technology-driven global payment processing solutions to the point of sale, B2B and ecommerce industries. Our proprietary solutions include card not present, integrated POS and mobile payments that deliver efficiency and profitability to businesses across all sales channels and platforms. With a focus on security and fueled by continuous investment in research, product development and innovation, we are shaping the future of payments. Our goal is to maximize our clients`​ revenues and performance by empowering them with safer and smarter transactions.', '1 866-693-2000', '', 'https://www.pivotalpayments.ca/', 'https://twitter.com/pivotalpayments', 'https://www.linkedin.com/company-beta/47266/', 'Merchant Accounts, Payment Processing, Global Acquiring, E-Commerce, Card Not Present Payments, Point-of-Sale (POS) Integration, Merchant Cash Advance, Multi-Currency Processing, Fraud Management, Gift Card & Loyalty, EMV Compliance, and Mobile Payments');
INSERT INTO public.location(id, name, latitude, longitude) VALUES (86,'Montreal - Quebec', '45.5016889', '-73.567256');
INSERT INTO public.company_location(location_id, company_id) VALUES (86,84);
INSERT INTO public.company_category(category_id, company_id) VALUES (3,84);
INSERT INTO public.company_businessmodel(business_model_id, company_id) VALUES (1,84);
INSERT INTO public.company_group(group_id, company_id) VALUES (3,84);
INSERT INTO public.company_capabilities(capability_id, company_id) VALUES (1,84);
INSERT INTO public.company(id, name, description, phone, email, website, twitter, linkedin, key_features) VALUES ( 85,'Plastiq', 'Plastiq gives you the freedom to pay a bill or invoice with a credit card, even in situations you normally couldn`t. Now pay any bill with just a photo using the Plastiq mobile app. We`ll remind you when it`s due and let you pay in seconds with your favorite card. Time to say goodbye to stacks of bills with Plastiq! ', '', '', 'https://www.plastiq.com/', 'https://twitter.com/payplastiq', 'https://www.linkedin.com/company-beta/2642014', 'Payment Gateway, Payment Augmentation, and Processor Integrations');
INSERT INTO public.location(id, name, latitude, longitude) VALUES (87,'San Francisco - California', '37.77493', '-122.419416');
INSERT INTO public.company_location(location_id, company_id) VALUES (87,85);
INSERT INTO public.company_category(category_id, company_id) VALUES (3,85);
INSERT INTO public.company_businessmodel(business_model_id, company_id) VALUES (1,85);
INSERT INTO public.company_businessmodel(business_model_id, company_id) VALUES (2,85);
INSERT INTO public.company_group(group_id, company_id) VALUES (3,85);
INSERT INTO public.company_capabilities(capability_id, company_id) VALUES (1,85);
INSERT INTO public.company(id, name, description, phone, email, website, twitter, linkedin, key_features) VALUES ( 86,'Plooto', 'Plooto is a payment management platform for business-to-business payments. We’re changing the world of commerce by making it easier, faster and cheaper for businesses to make payments.', '(844)475-6686', 'info@plooto.co ', 'http://www.plooto.co', '', 'https://www.linkedin.com/company-beta/9460286/', 'Payments, B2B, Accounts Payable, Accounts Receivable, and Cloud Payment Processing');
INSERT INTO public.location(id, name, latitude, longitude) VALUES (88,'Toronto - Ontario', '43.653226', '-79.383184');
INSERT INTO public.company_location(location_id, company_id) VALUES (88,86);
INSERT INTO public.company_category(category_id, company_id) VALUES (3,86);
INSERT INTO public.company_businessmodel(business_model_id, company_id) VALUES (1,86);
INSERT INTO public.company_group(group_id, company_id) VALUES (3,86);
INSERT INTO public.company_capabilities(capability_id, company_id) VALUES (1,86);
INSERT INTO public.company(id, name, description, phone, email, website, twitter, linkedin, key_features) VALUES ( 87,'QicSEND', 'Qicsend is an online international money transfer service, offering safe, secure and affordable online remittance solutions. Our leading edge offerings are a fraction of the cost of traditional money transfers, making it easy and inexpensive to send money as often as you like to friends and family overseas.', '', '', 'https://www.qicsend.com/AboutUs', 'https://twitter.com/qicsend', '', 'QicSEND™ service is owned and operated by Toronto-based Mercury Mercantile Technologies, Inc. Comprising of a seasoned leadership team of industry veterans with significant international business expertise.');
INSERT INTO public.location(id, name, latitude, longitude) VALUES (89,'Toronto - Ontario', '43.653226', '-79.383184');
INSERT INTO public.company_location(location_id, company_id) VALUES (89,87);
INSERT INTO public.company_category(category_id, company_id) VALUES (3,87);
INSERT INTO public.company_businessmodel(business_model_id, company_id) VALUES (2,87);
INSERT INTO public.company_group(group_id, company_id) VALUES (3,87);
INSERT INTO public.company_capabilities(capability_id, company_id) VALUES (1,87);
INSERT INTO public.company(id, name, description, phone, email, website, twitter, linkedin, key_features) VALUES ( 88,'Remitbee', 'Remitbee is a worldwide money transfer and mobile money company specialized in online Money transfer. It is a part of Thamor Trading Corporation providing over 11 years of infrastructure and compliance expertise. Its a convenient and user friendly service in which customers can send money online using their web browsers, tablets and mobile phones. Remitbee`s goal is to end the ridiculous high cost of sending money overseas by cutting out the middleman or money transfer “agents” and sending money straight from customers to bank accounts and cash accounts worldwide. Remitbee is currently operational in Canada and will soon be available in the US and european countries to send money. They currently send money to 8 countries and more to come over the next few months.', ' (905)290-8318', 'customercare@remitbee.com ', 'https://remitbee.com/', '', 'https://www.linkedin.com/company-beta/10100763/', 'Fintech, Mobile Money, Money Transfer, and Crowd Fundraise');
INSERT INTO public.location(id, name, latitude, longitude) VALUES (90,'Toronto - Ontario', '43.653226', '-79.383184');
INSERT INTO public.company_location(location_id, company_id) VALUES (90,88);
INSERT INTO public.company_category(category_id, company_id) VALUES (3,88);
INSERT INTO public.company_businessmodel(business_model_id, company_id) VALUES (2,88);
INSERT INTO public.company_group(group_id, company_id) VALUES (3,88);
INSERT INTO public.company_capabilities(capability_id, company_id) VALUES (1,88);
INSERT INTO public.company(id, name, description, phone, email, website, twitter, linkedin, key_features) VALUES ( 89,'Rentmoola', 'RentMoola, one of North America`s leading fintech companies is changing the landscape of paying rent all over the world. Solving the age-old problem that paying and collecting rent is a major hassle, RentMoola is an online global payment network that allows tenants and owners to pay rent and other payments by credit card, debit card, RM Direct Debit™ or RM Cash™ while earning rewards. Members have access to our MoolaPerks™ program that provides exclusive deals to travel, lifestyle, home services and other rewards redeemable across North America, UK and Europe.', ' (888)665-8870', 'info@rentmoola.com', 'https://rentmoola.com/', 'https://twitter.com/rentmoola', '', '');
INSERT INTO public.location(id, name, latitude, longitude) VALUES (91,'Vancouver - British Columbia', '49.2827291', '-123.120738');
INSERT INTO public.company_location(location_id, company_id) VALUES (91,89);
INSERT INTO public.company_category(category_id, company_id) VALUES (3,89);
INSERT INTO public.company_businessmodel(business_model_id, company_id) VALUES (2,89);
INSERT INTO public.company_group(group_id, company_id) VALUES (3,89);
INSERT INTO public.company_capabilities(capability_id, company_id) VALUES (1,89);
INSERT INTO public.company(id, name, description, phone, email, website, twitter, linkedin, key_features) VALUES ( 90,'ReUp', 'ReUp is making mobile payment a reality for independent businesses. The platform helps local favourites, beloved mom-and-pops, and small shops capitalize on an industry worth over $235 billion globally as of 2013; by 2019, it is expected to be worth $142 billion in the US alone. ReUp allows users to build their own branded loyalty and payment app for iOS and Android devices. ReUp has built a simple drag and drop solution, resulting in the big brand experience without the big brand price tag. Completely self-service, ReUp has a global reach and is perfect for restaurants, cafes, salons and gyms looking to offer their customers a convenient mobile payment option.', '1-855-984-0777', 'hello@getreup.com', 'http://www.getreup.com/', 'https://twitter.com/get_reup', '', '');
INSERT INTO public.location(id, name, latitude, longitude) VALUES (92,'Toronto - Ontario', '43.653226', '-79.383184');
INSERT INTO public.company_location(location_id, company_id) VALUES (92,90);
INSERT INTO public.company_category(category_id, company_id) VALUES (3,90);
INSERT INTO public.company_businessmodel(business_model_id, company_id) VALUES (1,90);
INSERT INTO public.company_group(group_id, company_id) VALUES (3,90);
INSERT INTO public.company_capabilities(capability_id, company_id) VALUES (1,90);
INSERT INTO public.company(id, name, description, phone, email, website, twitter, linkedin, key_features) VALUES ( 91,'Shopify', 'Shopify is a leading cloud-based, multichannel commerce platform designed for small and medium-sized businesses. Merchants can use the software to design, set up and manage their stores across multiple sales channels, including web, mobile, social media. The platform also provides a merchant with a powerful back-office and a single view of their business. The Shopify platform was engineered for reliability and scale, using enterprise-level technology made available to businesses of all sizes. ', '', '', 'http://www.shopify.com', 'https://twitter.com/shopify', 'https://www.linkedin.com/company-beta/784652/', 'ecommerce, design, API, applications, being awesome, customer service, and ecommerce expertise');
INSERT INTO public.location(id, name, latitude, longitude) VALUES (93,'Ottawa - Quebec', '45.437349', '-75.63875');
INSERT INTO public.company_location(location_id, company_id) VALUES (93,91);
INSERT INTO public.company_category(category_id, company_id) VALUES (3,91);
INSERT INTO public.company_businessmodel(business_model_id, company_id) VALUES (1,91);
INSERT INTO public.company_group(group_id, company_id) VALUES (3,91);
INSERT INTO public.company_capabilities(capability_id, company_id) VALUES (1,91);
INSERT INTO public.company(id, name, description, phone, email, website, twitter, linkedin, key_features) VALUES ( 92,'SmoothPay', 'SmoothPay is a free mobile app that allows you to use your phone to pay at participating locations and earn rewards. As you continue to use SmoothPay to make purchases, you increase your rewards progress. Once you reach your reward milestone, you earn credits towards your next purchase.', '', '', 'SmoothPay.com', 'https://twitter.com/smoothpayapp', '', '');
INSERT INTO public.location(id, name, latitude, longitude) VALUES (94,'Toronto - Ontario', '43.653226', '-79.383184');
INSERT INTO public.company_location(location_id, company_id) VALUES (94,92);
INSERT INTO public.company_category(category_id, company_id) VALUES (3,92);
INSERT INTO public.company_businessmodel(business_model_id, company_id) VALUES (1,92);
INSERT INTO public.company_group(group_id, company_id) VALUES (3,92);
INSERT INTO public.company_capabilities(capability_id, company_id) VALUES (1,92);
INSERT INTO public.company(id, name, description, phone, email, website, twitter, linkedin, key_features) VALUES ( 93,'Square', 'We started with a little white card reader but haven’t stopped there. Our new reader helps our sellers accept chip cards and NFC payments, our Cash app lets people send money instantly and we’re building easy tools for customers, too. We’re empowering the electrician to send invoices, setting up the food truck with a delivery option, helping the clothing boutique pay its employees and giving the coffee chain capital for a second, third and fourth location.', '', '', 'https://squareup.com/ca/about', 'https://twitter.com/SquareCanada', '', '');
INSERT INTO public.location(id, name, latitude, longitude) VALUES (95,'San Francisco - California', '37.77493', '-122.419416');
INSERT INTO public.company_location(location_id, company_id) VALUES (95,93);
INSERT INTO public.company_category(category_id, company_id) VALUES (3,93);
INSERT INTO public.company_businessmodel(business_model_id, company_id) VALUES (1,93);
INSERT INTO public.company_group(group_id, company_id) VALUES (3,93);
INSERT INTO public.company_capabilities(capability_id, company_id) VALUES (1,93);
INSERT INTO public.company(id, name, description, phone, email, website, twitter, linkedin, key_features) VALUES ( 94,'touchbistro', 'TouchBistro is an app that supports tableside ordering, custom restaurant layouts, custom menus, bill splitting, sales reports, and an unlimited number of order and cash register printers. It is available from the iTunes store. It is the top grossing Food and Beverage iTunes app in over 34 countries. TouchBistro does not require an Internet connection, communicating with printers/cash drawers via local WIFI.', '416-363-5252', 'support@touchbistro.com', 'https://www.touchbistro.com/', 'https://twitter.com/touchbistro', 'https://www.linkedin.com/company-beta/2410023/', '');
INSERT INTO public.location(id, name, latitude, longitude) VALUES (96,'Toronto - Ontario', '43.653226', '-79.383184');
INSERT INTO public.company_location(location_id, company_id) VALUES (96,94);
INSERT INTO public.company_category(category_id, company_id) VALUES (3,94);
INSERT INTO public.company_businessmodel(business_model_id, company_id) VALUES (1,94);
INSERT INTO public.company_group(group_id, company_id) VALUES (3,94);
INSERT INTO public.company_capabilities(capability_id, company_id) VALUES (1,94);
INSERT INTO public.company(id, name, description, phone, email, website, twitter, linkedin, key_features) VALUES ( 95,'VersaPay', 'VersaPay is a leading cloud-based invoice presentment and payment provider for businesses of all sizes. VersaPay`s ARC™ and PayPort™ software-as-a-service offerings allow businesses to easily deliver customized electronic invoices to their customers, to accept credit card and EFT/ACH payments and automatically reconcile payments to their ERP and accounting software. VersaPay is headquartered in Toronto, Canada and has operations in Montreal. Versapay provides businesses across Canada the ability to accept Visa, MasterCard, Discover, American Express, JCB and INTERAC Direct Debit at your place of business. Merchants can also increase your sales and retain customers by offering Gift & Loyalty Cards branded with your businesss logo and identity.', '(866) 999-8729', 'info@versapay.com', 'http://www.versapay.com ', '', 'https://www.linkedin.com/company-beta/313431/', 'Payment Processing, Accounts Receivable Automation, Electronic Invoicing Payment & Presentment (EIPP), EFT, PCI, SaaS, Software as a Service, ACH, Accounts Receivable, accounts receivable software, cash application, and credit and collections management');
INSERT INTO public.location(id, name, latitude, longitude) VALUES (97,'Toronto - Ontario', '43.653226', '-79.383184');
INSERT INTO public.company_location(location_id, company_id) VALUES (97,95);
INSERT INTO public.company_category(category_id, company_id) VALUES (3,95);
INSERT INTO public.company_businessmodel(business_model_id, company_id) VALUES (1,95);
INSERT INTO public.company_group(group_id, company_id) VALUES (3,95);
INSERT INTO public.company_capabilities(capability_id, company_id) VALUES (1,95);
INSERT INTO public.company(id, name, description, phone, email, website, twitter, linkedin, key_features) VALUES ( 96,'vouchr', 'Vouchr drives transactions and adoption of payment systems with our unique engagement solution. Whitelabel SDK - An SDK that plugs into any app that offers payments and transforms the user experience. ', '', 'info@vouc.hr', 'https://vouc.hr/', '', '', '');
INSERT INTO public.location(id, name, latitude, longitude) VALUES (98,'Toronto - Ontario', '43.653226', '-79.383184');
INSERT INTO public.company_location(location_id, company_id) VALUES (98,96);
INSERT INTO public.company_category(category_id, company_id) VALUES (3,96);
INSERT INTO public.company_businessmodel(business_model_id, company_id) VALUES (1,96);
INSERT INTO public.company_group(group_id, company_id) VALUES (3,96);
INSERT INTO public.company_capabilities(capability_id, company_id) VALUES (1,96);
INSERT INTO public.company(id, name, description, phone, email, website, twitter, linkedin, key_features) VALUES ( 97,'waypay', 'WayPay™ lets you access and combine any of your bank accounts or credit cards into a single source of funds to pay any business expense, in any currency, to anyone, in any way, from anywhere — even from your phone. ', ' (844) 692-8581', '', 'https://www.waypay.ca/', 'https://twitter.com/WayPayInc', '', 'Innovative Payment Solutions, Strategic Payables Outsourcing, and Working Capital (Cash Management) Best Practices');
INSERT INTO public.location(id, name, latitude, longitude) VALUES (99,'Burlington - Ontario', '43.32552', '-79.799032');
INSERT INTO public.company_location(location_id, company_id) VALUES (99,97);
INSERT INTO public.company_category(category_id, company_id) VALUES (3,97);
INSERT INTO public.company_businessmodel(business_model_id, company_id) VALUES (1,97);
INSERT INTO public.company_group(group_id, company_id) VALUES (3,97);
INSERT INTO public.company_capabilities(capability_id, company_id) VALUES (1,97);
INSERT INTO public.company(id, name, description, phone, email, website, twitter, linkedin, key_features) VALUES ( 98,'Payment Evolution', 'PaymentEvolution provides easy to use, secure online payroll services to small and mid-sized businesses across Canada. Accountants, CPA firms and financial institutions rely on us for payroll expertise and services for their clientele. We’re bringing innovation and simplicity back into the payroll market – from new ways to pay your employees to our open developer program. ', ' +1-647-776-7600', 'info@paymentevolution.com', 'http://www.paymentevolution.com', 'https://twitter.com/payevo', 'https://www.linkedin.com/company-beta/598996/', 'Payroll services, cloud based financial services, Payments, and mission critical business payments');
INSERT INTO public.location(id, name, latitude, longitude) VALUES (100,'Toronto - Ontario', '43.653226', '-79.383184');
INSERT INTO public.company_location(location_id, company_id) VALUES (100,98);
INSERT INTO public.company_category(category_id, company_id) VALUES (3,98);
INSERT INTO public.company_businessmodel(business_model_id, company_id) VALUES (1,98);
INSERT INTO public.company_group(group_id, company_id) VALUES (3,98);
INSERT INTO public.company_capabilities(capability_id, company_id) VALUES (1,98);
INSERT INTO public.company(id, name, description, phone, email, website, twitter, linkedin, key_features) VALUES ( 99,'Tilt', 'Tilt (formerly Crowdtilt) is a crowdfunding company that allows for groups and communities to collect, fundraise, or pool money online. The company is legally certified in securing fundraisers for non-profit organizations.', '', '', 'https://www.tilt.com/', '', '', 'We`re now part of the Airbnb family');
INSERT INTO public.location(id, name, latitude, longitude) VALUES (101,'San Francisco - California', '37.77493', '-122.419416');
INSERT INTO public.company_location(location_id, company_id) VALUES (101,99);
INSERT INTO public.company_category(category_id, company_id) VALUES (3,99);
INSERT INTO public.company_businessmodel(business_model_id, company_id) VALUES (2,99);
INSERT INTO public.company_group(group_id, company_id) VALUES (3,99);
INSERT INTO public.company_capabilities(capability_id, company_id) VALUES (1,99);
INSERT INTO public.company(id, name, description, phone, email, website, twitter, linkedin, key_features) VALUES ( 100,'UGO Mobile Solutions', 'UGO Wallet is a digital wallet app that allows you to get reward points, and to store and use loyalty, gift, membership, and other cards on your smartphone. You can also send money to friends and family. Plus, UGO Wallet lets you add, organize, and export your receipts.', ' 1-844-838-1192', ' contactus@ugo.ca', 'https://www.ugo.ca/', 'https://twitter.com/ugo', 'https://www.linkedin.com/company-beta/9192624/', ' Digital Payment, Loyalty Programs, and Digital Receipts');
INSERT INTO public.location(id, name, latitude, longitude) VALUES (102,'Toronto - Ontario', '43.653226', '-79.383184');
INSERT INTO public.company_location(location_id, company_id) VALUES (102,100);
INSERT INTO public.company_category(category_id, company_id) VALUES (3,100);
INSERT INTO public.company_businessmodel(business_model_id, company_id) VALUES (2,100);
INSERT INTO public.company_group(group_id, company_id) VALUES (3,100);
INSERT INTO public.company_capabilities(capability_id, company_id) VALUES (1,100);
INSERT INTO public.company(id, name, description, phone, email, website, twitter, linkedin, key_features) VALUES ( 101,'Vend', 'Sell in‑store, online & on‑the‑go with Vend. Vend is retail POS software, inventory management, ecommerce & customer loyalty for iPad, Mac and PC. Easily manage and grow your business in the cloud.', ' 1-844-814-5409', '', 'https://www.vendhq.com/', '', 'https://www.linkedin.com/company-beta/814954/', '');
INSERT INTO public.location(id, name, latitude, longitude) VALUES (103,'Toronto - Ontario', '43.653226', '-79.383184');
INSERT INTO public.company_location(location_id, company_id) VALUES (103,101);
INSERT INTO public.company_category(category_id, company_id) VALUES (3,101);
INSERT INTO public.company_businessmodel(business_model_id, company_id) VALUES (1,101);
INSERT INTO public.company_group(group_id, company_id) VALUES (3,101);
INSERT INTO public.company_capabilities(capability_id, company_id) VALUES (1,101);
INSERT INTO public.company(id, name, description, phone, email, website, twitter, linkedin, key_features) VALUES ( 102,'BigBTC', 'BIGbtc Bitcoin Integration Group is the industry leader in Bitcoin Merchant Integration services. Focused on supporting the retail industry in Canada and USA', '', '', 'https://www.bigbtc.ca', 'https://twitter.com/BIGbtc', 'https://www.linkedin.com/company-beta/10298595/', 'BIGbtc brings clarity to the complexities associated with integrating Digital Currencies into the daily operations of storefront / online merchants, restaurateurs and many small business operators.');
INSERT INTO public.location(id, name, latitude, longitude) VALUES (104,'Toronto - Ontario', '43.653226', '-79.383184');
INSERT INTO public.company_location(location_id, company_id) VALUES (104,102);
INSERT INTO public.company_category(category_id, company_id) VALUES (4,102);
INSERT INTO public.company_businessmodel(business_model_id, company_id) VALUES (2,102);
INSERT INTO public.company_group(group_id, company_id) VALUES (3,102);
INSERT INTO public.company_capabilities(capability_id, company_id) VALUES (1,102);
INSERT INTO public.company(id, name, description, phone, email, website, twitter, linkedin, key_features) VALUES ( 103,'BitAccess', 'From start-ups to Fortune 500 companies, Bitaccess provides software services to power Fintech businesses in over 15 countries. Our customers rely on Bitaccess software and services to power their core infrastructure, compliance, security and support services. ', '', '', 'https://www.bitaccess.co/', 'https://twitter.com/bitaccess', '', 'Bitaccess blockchain based know-your-customer software enables near instant customer onboarding, while providing industry leading worldwide compliance coverage.');
INSERT INTO public.location(id, name, latitude, longitude) VALUES (105,'Toronto - Ontario', '43.653226', '-79.383184');
INSERT INTO public.company_location(location_id, company_id) VALUES (105,103);
INSERT INTO public.company_category(category_id, company_id) VALUES (4,103);
INSERT INTO public.company_businessmodel(business_model_id, company_id) VALUES (2,103);
INSERT INTO public.company_group(group_id, company_id) VALUES (3,103);
INSERT INTO public.company_capabilities(capability_id, company_id) VALUES (1,103);
INSERT INTO public.company(id, name, description, phone, email, website, twitter, linkedin, key_features) VALUES ( 104,'Blockchain Tech Ltd.', 'BTL offers enterprise class blockchain solutions to businesses with advanced trading and settlement needs, such as those in financial services ecosystem, energy and other commodity sectors. ', '+1 855 256 5246', 'press@btl.co', 'http://btl.co/', '', 'https://www.linkedin.com/company-beta/10058900/', 'Having partnered with Visa, BTL built a prototype that showcases the extensive capabilities of a blockchain based interbank payment and settlement network built on BTL’s core platform, Interbit.');
INSERT INTO public.location(id, name, latitude, longitude) VALUES (106,'Vancouver - British Columbia', '49.2827291', '-123.120738');
INSERT INTO public.company_location(location_id, company_id) VALUES (106,104);
INSERT INTO public.company_category(category_id, company_id) VALUES (4,104);
INSERT INTO public.company_businessmodel(business_model_id, company_id) VALUES (2,104);
INSERT INTO public.company_group(group_id, company_id) VALUES (3,104);
INSERT INTO public.partner(id, name) VALUES (5,'VISA');
INSERT INTO public.company_partner(partner_id, company_id) VALUES (5,104);
INSERT INTO public.company_capabilities(capability_id, company_id) VALUES (3,104);
INSERT INTO public.company_capabilities(capability_id, company_id) VALUES (1,104);
INSERT INTO public.company(id, name, description, phone, email, website, twitter, linkedin, key_features) VALUES ( 105,'Bluzelle Networks', 'Bluzelle offers a complete and fully integrated stack of blockchain applications, middleware and data services. ', '', 'sales@bluzelle.com', 'http://bluzelle.com/', 'https://twitter.com/bluzellehq', 'https://www.linkedin.com/company-beta/10497135/', 'Payment Networks - Implement a real-time payment platform into your own ecosystem and open new channels. These can be applied to universities, mobile wallets, communities.');
INSERT INTO public.location(id, name, latitude, longitude) VALUES (107,'Vancouver - British Columbia', '49.2827291', '-123.120738');
INSERT INTO public.company_location(location_id, company_id) VALUES (107,105);
INSERT INTO public.company_category(category_id, company_id) VALUES (4,105);
INSERT INTO public.company_businessmodel(business_model_id, company_id) VALUES (2,105);
INSERT INTO public.company_group(group_id, company_id) VALUES (3,105);
INSERT INTO public.company_capabilities(capability_id, company_id) VALUES (1,105);
INSERT INTO public.company(id, name, description, phone, email, website, twitter, linkedin, key_features) VALUES ( 106,'Bylls', 'Bylls is a simple, fast, and convenient service that allows Canadian individuals and businesses to pay their everyday bills using Bitcoin.', '', '', 'https://bylls.com/', 'https://twitter.com/myBylls', '', 'Bylls is 100% self-funded. No investors, no outside influence, completely independent.');
INSERT INTO public.location(id, name, latitude, longitude) VALUES (108,'Montreal - Quebec', '45.5016889', '-73.567256');
INSERT INTO public.company_location(location_id, company_id) VALUES (108,106);
INSERT INTO public.company_category(category_id, company_id) VALUES (4,106);
INSERT INTO public.company_businessmodel(business_model_id, company_id) VALUES (2,106);
INSERT INTO public.company_group(group_id, company_id) VALUES (3,106);
INSERT INTO public.company_capabilities(capability_id, company_id) VALUES (1,106);
INSERT INTO public.company(id, name, description, phone, email, website, twitter, linkedin, key_features) VALUES ( 107,'Coinkite', 'Opendime is a small USB stick that allows you to spend Bitcoin like a dollar bill. Pass it along multiple times.', '', 'support@coinkite.com', 'https://coinkite.com/', '', '', 'Connect to any USB to check balance.');
INSERT INTO public.location(id, name, latitude, longitude) VALUES (109,'Toronto - Ontario', '43.653226', '-79.383184');
INSERT INTO public.company_location(location_id, company_id) VALUES (109,107);
INSERT INTO public.company_category(category_id, company_id) VALUES (4,107);
INSERT INTO public.company_businessmodel(business_model_id, company_id) VALUES (2,107);
INSERT INTO public.company_group(group_id, company_id) VALUES (3,107);
INSERT INTO public.company_capabilities(capability_id, company_id) VALUES (1,107);
INSERT INTO public.company(id, name, description, phone, email, website, twitter, linkedin, key_features) VALUES ( 108,'Coinpayments', 'Providing easy to use checkout systems and shopping cart integration for Bitcoin, Litecoin, Ethereum and other altcoins.', '', '', 'https://www.coinpayments.net/', 'https://twitter.com/CoinPaymentsNET', '', 'Offering plugins for all the popular webcarts used today. Register and install a plugin to set up CoinPayments with your new or pre-existing checkout.');
INSERT INTO public.location(id, name, latitude, longitude) VALUES (110,'Vancouver - British Columbia', '49.2827291', '-123.120738');
INSERT INTO public.company_location(location_id, company_id) VALUES (110,108);
INSERT INTO public.company_category(category_id, company_id) VALUES (4,108);
INSERT INTO public.company_businessmodel(business_model_id, company_id) VALUES (2,108);
INSERT INTO public.company_group(group_id, company_id) VALUES (3,108);
INSERT INTO public.company_capabilities(capability_id, company_id) VALUES (1,108);
INSERT INTO public.company(id, name, description, phone, email, website, twitter, linkedin, key_features) VALUES ( 109,'Coinsquare', 'Coinsquare is the easiest platform to buy, sell and trade bitcoin, ethereum, gold and more. Made in Canada.', '', 'support@coinsquare.io', 'https://coinsquare.io/', 'https://twitter.com/coinsquare', '', 'We recognized the need for Canadian’s to have a safe, secure and “Canadian” destination to access the wonderful world of digital currency.');
INSERT INTO public.location(id, name, latitude, longitude) VALUES (111,'Toronto - Ontario', '43.653226', '-79.383184');
INSERT INTO public.company_location(location_id, company_id) VALUES (111,109);
INSERT INTO public.company_category(category_id, company_id) VALUES (4,109);
INSERT INTO public.company_businessmodel(business_model_id, company_id) VALUES (2,109);
INSERT INTO public.company_group(group_id, company_id) VALUES (3,109);
INSERT INTO public.company_capabilities(capability_id, company_id) VALUES (1,109);
INSERT INTO public.company(id, name, description, phone, email, website, twitter, linkedin, key_features) VALUES ( 110,'Cryptiv', 'Cryptiv`s Enterprise Blockchain Wallet System enables organizations to send, receive and store blockchain-enabled digital assets, while providing crucial administrative functions and ease of implementation. ', '', 'sales@cryptiv.com', 'https://cryptiv.com/', 'https://twitter.com/Cryptiv', 'https://www.linkedin.com/company-beta/5224074/', 'Cryptiv allows an organization to administer over teams of employees that have been provided limited access to a firm’s private keys through individual wallet accounts.');
INSERT INTO public.location(id, name, latitude, longitude) VALUES (112,'Toronto - Ontario', '43.653226', '-79.383184');
INSERT INTO public.company_location(location_id, company_id) VALUES (112,110);
INSERT INTO public.company_category(category_id, company_id) VALUES (4,110);
INSERT INTO public.company_businessmodel(business_model_id, company_id) VALUES (2,110);
INSERT INTO public.company_group(group_id, company_id) VALUES (3,110);
INSERT INTO public.company_capabilities(capability_id, company_id) VALUES (1,110);
INSERT INTO public.company(id, name, description, phone, email, website, twitter, linkedin, key_features) VALUES ( 111,'DigaTrade', 'DIGATRADE is a global digital asset [Bitcoin] exchange, blockchain development services and distributed ledger technology company with located in Vancouver, Canada.', '(604) 200-0071', 'info@digatrade.com', 'https://digatrade.com/', 'https://twitter.com/DigaTrade', 'https://www.linkedin.com/company-beta/10356074/', 'The proprietary DIGATRADE trading and matching engine manages high volume, high throughput, and low latency trading and was modelled on the same technology recently leveraged by the world’s largest investment banks.');
INSERT INTO public.location(id, name, latitude, longitude) VALUES (113,'Vancouver - British Columbia', '49.2827291', '-123.120738');
INSERT INTO public.company_location(location_id, company_id) VALUES (113,111);
INSERT INTO public.company_category(category_id, company_id) VALUES (4,111);
INSERT INTO public.company_businessmodel(business_model_id, company_id) VALUES (2,111);
INSERT INTO public.company_group(group_id, company_id) VALUES (3,111);
INSERT INTO public.company_capabilities(capability_id, company_id) VALUES (1,111);
INSERT INTO public.company(id, name, description, phone, email, website, twitter, linkedin, key_features) VALUES ( 112,'Goldmoney', 'Goldmoney Inc., a financial service company traded on the Toronto Stock Exchange (TSX:XAU), is a global leader in precious metal investment services and the world`s largest precious metals payment network.', '', '', 'https://www.goldmoney.com/', 'https://twitter.com/Goldmoney', 'https://www.linkedin.com/company-beta/1195274/', 'Safeguarding nearly $2 billion in assets for clients located in more than 150 countries, Goldmoney is focused on a singular mission to democratize access to gold and other precious metals through innovative technology.');
INSERT INTO public.location(id, name, latitude, longitude) VALUES (114,'Toronto - Ontario', '43.653226', '-79.383184');
INSERT INTO public.company_location(location_id, company_id) VALUES (114,112);
INSERT INTO public.company_category(category_id, company_id) VALUES (4,112);
INSERT INTO public.company_businessmodel(business_model_id, company_id) VALUES (2,112);
INSERT INTO public.company_group(group_id, company_id) VALUES (3,112);
INSERT INTO public.company_capabilities(capability_id, company_id) VALUES (1,112);
INSERT INTO public.company(id, name, description, phone, email, website, twitter, linkedin, key_features) VALUES ( 113,'Ledger Labs', '', '', 'info@ledgerlabs.com', 'https://ledgerlabs.com/', 'https://twitter.com/weareledger', '', '');
INSERT INTO public.location(id, name, latitude, longitude) VALUES (115,'Toronto - Ontario', '43.653226', '-79.383184');
INSERT INTO public.company_location(location_id, company_id) VALUES (115,113);
INSERT INTO public.company_category(category_id, company_id) VALUES (4,113);
INSERT INTO public.company_businessmodel(business_model_id, company_id) VALUES (2,113);
INSERT INTO public.company_group(group_id, company_id) VALUES (3,113);
INSERT INTO public.company_capabilities(capability_id, company_id) VALUES (1,113);
INSERT INTO public.company(id, name, description, phone, email, website, twitter, linkedin, key_features) VALUES ( 114,'netcoins', 'Netcoins turns any computer, tablet, or mobile device into a virtual Bitcoin ATM.', '(844)-515-COIN', 'info@goNetcoins.com', 'https://www.gonetcoins.com/', 'https://twitter.com/netcoinsca', 'https://www.linkedin.com/company-beta/3789778/', 'It`s the new way for customers to buy Bitcoin, and the easy way for stores to sell it.');
INSERT INTO public.location(id, name, latitude, longitude) VALUES (116,'Vancouver - British Columbia', '49.2827291', '-123.120738');
INSERT INTO public.company_location(location_id, company_id) VALUES (116,114);
INSERT INTO public.company_category(category_id, company_id) VALUES (4,114);
INSERT INTO public.company_businessmodel(business_model_id, company_id) VALUES (2,114);
INSERT INTO public.company_group(group_id, company_id) VALUES (3,114);
INSERT INTO public.company_capabilities(capability_id, company_id) VALUES (1,114);
INSERT INTO public.company(id, name, description, phone, email, website, twitter, linkedin, key_features) VALUES ( 115,'Quadriga CX', 'Quadriga Fintech Solutions is a digital currency solutions provider, offering numerous services directed at the growing needs of the fintech community.', '(604) 243-7056', 'contact@quadrigacx.com', 'https://www.quadrigacx.com/', 'https://twitter.com/QuadrigaCoinEx', 'https://www.linkedin.com/company-beta/3588418/', 'They currently offer Canada`s largest digital currency trading platform, merchant processing services, and international remittance services.');
INSERT INTO public.location(id, name, latitude, longitude) VALUES (117,'Vancouver - British Columbia', '49.2827291', '-123.120738');
INSERT INTO public.company_location(location_id, company_id) VALUES (117,115);
INSERT INTO public.company_category(category_id, company_id) VALUES (4,115);
INSERT INTO public.company_businessmodel(business_model_id, company_id) VALUES (2,115);
INSERT INTO public.company_group(group_id, company_id) VALUES (3,115);
INSERT INTO public.company_capabilities(capability_id, company_id) VALUES (1,115);
INSERT INTO public.company(id, name, description, phone, email, website, twitter, linkedin, key_features) VALUES ( 116,'QuickBT', 'QuickBT.com is for buying Bitcoin quickly. When you buy Bitcoin from us, we do all the work and send it right to your address. Bitcoin can be sent to yourself, another person, or even directly to a merchant.', '1-888-784-2555', '', 'https://quickbt.com/ca/?', '', '', '');
INSERT INTO public.location(id, name, latitude, longitude) VALUES (118,'Toronto - Ontario', '43.653226', '-79.383184');
INSERT INTO public.company_location(location_id, company_id) VALUES (118,116);
INSERT INTO public.company_category(category_id, company_id) VALUES (4,116);
INSERT INTO public.company_businessmodel(business_model_id, company_id) VALUES (2,116);
INSERT INTO public.company_group(group_id, company_id) VALUES (3,116);
INSERT INTO public.company_capabilities(capability_id, company_id) VALUES (1,116);
INSERT INTO public.company(id, name, description, phone, email, website, twitter, linkedin, key_features) VALUES ( 117,'SecuraCoin', 'SecuraCoin is an Digital Currency Business', '647-248-2646', 'info@securacoin.com', 'http://securacoin.com/', '', 'https://www.linkedin.com/company-beta/5194859/', 'SecuraCoin specialize in servicing Money Service Businesses (MSBs) and other retailers by creating technology and infrastructure for them to start using and providing digital currency services. ');
INSERT INTO public.location(id, name, latitude, longitude) VALUES (119,'Toronto - Ontario', '43.653226', '-79.383184');
INSERT INTO public.company_location(location_id, company_id) VALUES (119,117);
INSERT INTO public.company_category(category_id, company_id) VALUES (4,117);
INSERT INTO public.company_businessmodel(business_model_id, company_id) VALUES (1,117);
INSERT INTO public.company_group(group_id, company_id) VALUES (3,117);
INSERT INTO public.company_capabilities(capability_id, company_id) VALUES (1,117);
INSERT INTO public.company(id, name, description, phone, email, website, twitter, linkedin, key_features) VALUES ( 118,'Taurus Bitcoin Exchange', 'Taurus is Canada`s first fee-free bitcoin exchange that allows you to trade with other users at no cost.', '', '', '', 'https://twitter.com/taurusexchange', 'https://www.linkedin.com/company-beta/3824036/', 'Buying and selling happens in real time, 24/7! We constantly improve usability and develop new features based on our customers’ feedback.');
INSERT INTO public.location(id, name, latitude, longitude) VALUES (120,'Vancouver - British Columbia', '49.2827291', '-123.120738');
INSERT INTO public.company_location(location_id, company_id) VALUES (120,118);
INSERT INTO public.company_category(category_id, company_id) VALUES (4,118);
INSERT INTO public.company_businessmodel(business_model_id, company_id) VALUES (2,118);
INSERT INTO public.company_group(group_id, company_id) VALUES (3,118);
INSERT INTO public.company_capabilities(capability_id, company_id) VALUES (1,118);
INSERT INTO public.company(id, name, description, phone, email, website, twitter, linkedin, key_features) VALUES ( 119,'vanbex', 'The Vanbex Group specializes in consulting, communications and development for blockchain businesses.', '1 (888) 355-2976', 'hello@vanbex.com', 'https://www.vanbex.com/', 'https://twitter.com/vanbexgroup', 'https://www.linkedin.com/company-beta/3780798/', 'We take a tailored approach to shaping the future of every client we manage. We combine deep business insight with a strong understanding of how blockchain technology can impact existing business infrastructure and operations.');
INSERT INTO public.location(id, name, latitude, longitude) VALUES (121,'Vancouver - British Columbia', '49.2827291', '-123.120738');
INSERT INTO public.company_location(location_id, company_id) VALUES (121,119);
INSERT INTO public.company_category(category_id, company_id) VALUES (4,119);
INSERT INTO public.company_businessmodel(business_model_id, company_id) VALUES (2,119);
INSERT INTO public.company_group(group_id, company_id) VALUES (3,119);
INSERT INTO public.company_capabilities(capability_id, company_id) VALUES (1,119);
INSERT INTO public.company(id, name, description, phone, email, website, twitter, linkedin, key_features) VALUES ( 120,'AdvisorStream', 'AdvisorStream is the only end-to-end solution for fully licensed client communications and first-to-market lead capture technology.', '(416) 847-4701', 'info@advisorstream.com', 'http://www.advisorstream.com/', 'https://twitter.com/advisorstream', 'https://www.linkedin.com/company-beta/2884474/', 'First-to-market lead capture technology is built into every content piece – including personal and firm content.');
INSERT INTO public.location(id, name, latitude, longitude) VALUES (122,'Toronto - Ontario', '43.653226', '-79.383184');
INSERT INTO public.company_location(location_id, company_id) VALUES (122,120);
INSERT INTO public.company_category(category_id, company_id) VALUES (5,120);
INSERT INTO public.company_businessmodel(business_model_id, company_id) VALUES (1,120);
INSERT INTO public.company_businessmodel(business_model_id, company_id) VALUES (2,120);
INSERT INTO public.company_group(group_id, company_id) VALUES (3,120);
INSERT INTO public.company_capabilities(capability_id, company_id) VALUES (1,120);
INSERT INTO public.company(id, name, description, phone, email, website, twitter, linkedin, key_features) VALUES ( 121,'Planswell', 'Planswell will help you build your wealth while saving a ton on taxes and fees.', '1 (855) 752-6793', 'hello@planswell.com', 'https://planswell.com/', 'https://twitter.com/getplanswell', 'https://www.linkedin.com/company-beta/10785480/', 'Planswell puts some of the world’s largest and most secure asset managers, insurers and lenders in your plan. And our data security is fur real.');
INSERT INTO public.location(id, name, latitude, longitude) VALUES (123,'Toronto - Ontario', '43.653226', '-79.383184');
INSERT INTO public.company_location(location_id, company_id) VALUES (123,121);
INSERT INTO public.company_category(category_id, company_id) VALUES (5,121);
INSERT INTO public.company_category(category_id, company_id) VALUES (6,121);
INSERT INTO public.company_businessmodel(business_model_id, company_id) VALUES (2,121);
INSERT INTO public.company_group(group_id, company_id) VALUES (3,121);
INSERT INTO public.company_capabilities(capability_id, company_id) VALUES (1,121);
INSERT INTO public.company(id, name, description, phone, email, website, twitter, linkedin, key_features) VALUES ( 122,'alvarnet', 'alvarPlan™ is a financial planning solution that helps financial advisors create financial plans for clients.', '+1 888-291-5178', 'agile@alvarnet.com', 'https://www.alvarnet.com/', '', '', 'Build a full financial plan for a client in 20 minutes! alvarPlan™ provides the process, expertise and reassurance that you’re making the right recommendations for your clients.');
INSERT INTO public.location(id, name, latitude, longitude) VALUES (124,'Waterloo - Ontario', '43.4642578', '-80.52041');
INSERT INTO public.company_location(location_id, company_id) VALUES (124,122);
INSERT INTO public.company_category(category_id, company_id) VALUES (5,122);
INSERT INTO public.company_businessmodel(business_model_id, company_id) VALUES (2,122);
INSERT INTO public.company_group(group_id, company_id) VALUES (3,122);
INSERT INTO public.company_capabilities(capability_id, company_id) VALUES (1,122);
INSERT INTO public.company(id, name, description, phone, email, website, twitter, linkedin, key_features) VALUES ( 123,'Besurance Corporation', 'We are activating insightful research into actionable, data driven, real-life insurance products with customer engagement thru a community platform that is a unique, affordable and engaging.  ', '403-460-6961', '', 'http://besurance.ca/', '', '', 'Besure is a true p2p self-directed platform for empowerment and engagement.');
INSERT INTO public.location(id, name, latitude, longitude) VALUES (125,'Calgary - Alberta', '51.0486151', '-114.071169');
INSERT INTO public.company_location(location_id, company_id) VALUES (125,123);
INSERT INTO public.company_category(category_id, company_id) VALUES (5,123);
INSERT INTO public.company_businessmodel(business_model_id, company_id) VALUES (2,123);
INSERT INTO public.company_group(group_id, company_id) VALUES (3,123);
INSERT INTO public.company_capabilities(capability_id, company_id) VALUES (2,123);
INSERT INTO public.company(id, name, description, phone, email, website, twitter, linkedin, key_features) VALUES ( 124,'ClientDesk', 'Canada`s leading digital platform for independent unsurance brokerages', '1-800-481-8990', 'info@clientdesk.co', 'http://www.clientdesk.co/', 'https://twitter.com/clientdeskinc', '', 'Mobile and web platform that powers the core functions of the digital insurance experience including engagement, self-service and claims management.');
INSERT INTO public.location(id, name, latitude, longitude) VALUES (126,'Toronto - Ontario', '43.653226', '-79.383184');
INSERT INTO public.company_location(location_id, company_id) VALUES (126,124);
INSERT INTO public.company_category(category_id, company_id) VALUES (5,124);
INSERT INTO public.company_businessmodel(business_model_id, company_id) VALUES (1,124);
INSERT INTO public.company_group(group_id, company_id) VALUES (3,124);
INSERT INTO public.company_capabilities(capability_id, company_id) VALUES (1,124);
INSERT INTO public.company(id, name, description, phone, email, website, twitter, linkedin, key_features) VALUES ( 125,'Detego', 'Detego Technologies Inc is building the next generation of Financial Planning software.', '', 'info@detego.co', 'http://www.detego.co/', '', 'https://www.linkedin.com/company-beta/9292493/', 'Detego will give you small actionable steps to make your plan a reality.');
INSERT INTO public.location(id, name, latitude, longitude) VALUES (127,'Montreal - Quebec', '45.5016889', '-73.567256');
INSERT INTO public.company_location(location_id, company_id) VALUES (127,125);
INSERT INTO public.company_businessmodel(business_model_id, company_id) VALUES (2,125);
INSERT INTO public.company_group(group_id, company_id) VALUES (3,125);
INSERT INTO public.company_capabilities(capability_id, company_id) VALUES (1,125);
INSERT INTO public.company(id, name, description, phone, email, website, twitter, linkedin, key_features) VALUES ( 126,'EquityFeed', 'EquityFeed is the world`s #1 real-time platform helping individual stock traders stay more informed, intelligent, and profitable than ever. ', '', 'service@equityfeed', 'http://www.equityfeed.com/', 'https://twitter.com/EquityFeed', 'https://www.linkedin.com/company-beta/3065729/', 'EquityFeed`s real-time technology is the standard for active stock traders who need the absolute best intelligence tools to make informed, timely trade decisions. The platform is built in Java and available "on demand" from any computer with an internet connection.');
INSERT INTO public.location(id, name, latitude, longitude) VALUES (128,'Montreal - Quebec', '45.5016889', '-73.567256');
INSERT INTO public.company_location(location_id, company_id) VALUES (128,126);
INSERT INTO public.company_category(category_id, company_id) VALUES (5,126);
INSERT INTO public.company_businessmodel(business_model_id, company_id) VALUES (2,126);
INSERT INTO public.company_group(group_id, company_id) VALUES (3,126);
INSERT INTO public.company_capabilities(capability_id, company_id) VALUES (2,126);
INSERT INTO public.company(id, name, description, phone, email, website, twitter, linkedin, key_features) VALUES ( 127,'hockeystick', 'Hockeystick is a financial market data network that provides deep insight into private companies.', '1-800-593-6707 ext. 101', 'support@hockeystick.co', 'https://www.hockeystick.co/', 'https://twitter.com/hockeystickco/', 'https://www.linkedin.com/company-beta/4800508/', 'Hockeystick’s network connects a firm’s financial data directly to the venture capital, private equity and innovation ecosystems.');
INSERT INTO public.location(id, name, latitude, longitude) VALUES (129,'Toronto - Ontario', '43.653226', '-79.383184');
INSERT INTO public.company_location(location_id, company_id) VALUES (129,127);
INSERT INTO public.company_category(category_id, company_id) VALUES (1,127);
INSERT INTO public.company_category(category_id, company_id) VALUES (5,127);
INSERT INTO public.company_businessmodel(business_model_id, company_id) VALUES (2,127);
INSERT INTO public.company_group(group_id, company_id) VALUES (3,127);
INSERT INTO public.company_capabilities(capability_id, company_id) VALUES (1,127);
INSERT INTO public.company(id, name, description, phone, email, website, twitter, linkedin, key_features) VALUES ( 128,'Idema Investments', 'Idema Investments offers individuals an innovative portfolio management solution that drastically reduces your total annual fees and helps you reach your retirement savings goal faster.', '1-855-800-2550', 'info@idema.ca', 'https://www.idema.ca/en/', 'https://twitter.com/idema_ca', 'https://www.linkedin.com/company-beta/1080011/', '');
INSERT INTO public.location(id, name, latitude, longitude) VALUES (130,'Montreal - Quebec', '45.5016889', '-73.567256');
INSERT INTO public.company_location(location_id, company_id) VALUES (130,128);
INSERT INTO public.company_category(category_id, company_id) VALUES (5,128);
INSERT INTO public.company_businessmodel(business_model_id, company_id) VALUES (2,128);
INSERT INTO public.company_group(group_id, company_id) VALUES (3,128);
INSERT INTO public.company_capabilities(capability_id, company_id) VALUES (2,128);
INSERT INTO public.company(id, name, description, phone, email, website, twitter, linkedin, key_features) VALUES ( 129,'Invisor Investment Management', 'Invisor offers personalized goal-based investment solutions and online options to purchase life and health insurance', '1.866.611.5431', 'hello@invisor.ca', 'https://invisor.ca/', 'https://twitter.com/invisorinvest', 'https://www.linkedin.com/company-beta/5318347/', 'With low fees and a convenient online platform that’s accessible 24/7, we’ll help you complete your financial plan and get the insurance coverage you need.');
INSERT INTO public.location(id, name, latitude, longitude) VALUES (131,'Oakville - Ontario', '43.467517', '-79.687666');
INSERT INTO public.company_location(location_id, company_id) VALUES (131,129);
INSERT INTO public.company_category(category_id, company_id) VALUES (2,129);
INSERT INTO public.company_category(category_id, company_id) VALUES (5,129);
INSERT INTO public.company_businessmodel(business_model_id, company_id) VALUES (2,129);
INSERT INTO public.company_group(group_id, company_id) VALUES (3,129);
INSERT INTO public.company_capabilities(capability_id, company_id) VALUES (2,129);
INSERT INTO public.company(id, name, description, phone, email, website, twitter, linkedin, key_features) VALUES ( 130,'ModernAdvisor', 'ModernAdvisor is a start-up working on bringing online investment management to Canadians.', '+1 888-365-0075', 'info@modernadvisor.ca', 'https://www.modernadvisor.ca/', 'https://twitter.com/ModernAdvsr', 'https://www.linkedin.com/company-beta/3571371/', 'The company complements expert investment insights with proprietary algorithms and an interactive website to bring sophisticated and low-cost investment management to every Canadian.');
INSERT INTO public.location(id, name, latitude, longitude) VALUES (132,'Vancouver - British Columbia', '49.2827291', '-123.120738');
INSERT INTO public.company_location(location_id, company_id) VALUES (132,130);
INSERT INTO public.company_category(category_id, company_id) VALUES (5,130);
INSERT INTO public.company_businessmodel(business_model_id, company_id) VALUES (2,130);
INSERT INTO public.company_group(group_id, company_id) VALUES (3,130);
INSERT INTO public.company_capabilities(capability_id, company_id) VALUES (1,130);
INSERT INTO public.company(id, name, description, phone, email, website, twitter, linkedin, key_features) VALUES ( 131,'MotiveWave', 'MotiveWave Software is a well-established developer of easy-to-use full-featured charting, analysis and trading software built for the individual trader. ', '416-840-4602', 'support@motivewave.com', 'http://www.motivewave.com/', 'https://twitter.com/MotiveWave', '', 'Their product "MotiveWave" has very advanced charting and drawing tools that are highly customizable and yet still easy-to-use, and also specializes in advanced analysis tools.');
INSERT INTO public.location(id, name, latitude, longitude) VALUES (133,'Kelowna - British Columbia', '49.8879173', '-119.495901');
INSERT INTO public.company_location(location_id, company_id) VALUES (133,131);
INSERT INTO public.company_category(category_id, company_id) VALUES (5,131);
INSERT INTO public.company_businessmodel(business_model_id, company_id) VALUES (2,131);
INSERT INTO public.company_group(group_id, company_id) VALUES (3,131);
INSERT INTO public.company_capabilities(capability_id, company_id) VALUES (1,131);
INSERT INTO public.company(id, name, description, phone, email, website, twitter, linkedin, key_features) VALUES ( 132,'Mylo', 'First, Mylo automatically rounds up every purchase you make and invests the spare change. Then, once plugged in, let the magic happen.', '', 'support@mylo.ai', 'https://mylo.ai/', 'https://twitter.com/getmylo', 'https://www.linkedin.com/company-beta/10842490/', '');
INSERT INTO public.location(id, name, latitude, longitude) VALUES (134,'Montreal - Quebec', '45.5016889', '-73.567256');
INSERT INTO public.company_location(location_id, company_id) VALUES (134,132);
INSERT INTO public.company_category(category_id, company_id) VALUES (5,132);
INSERT INTO public.company_businessmodel(business_model_id, company_id) VALUES (2,132);
INSERT INTO public.company_group(group_id, company_id) VALUES (3,132);
INSERT INTO public.company_capabilities(capability_id, company_id) VALUES (1,132);
INSERT INTO public.company(id, name, description, phone, email, website, twitter, linkedin, key_features) VALUES ( 133,'Obsidian Solutions', 'Obsidian solutions is a cloud based software company specifically focused on helping fund managers grow their business by optimizing their investor relations efforts. ', '1 800 990 4707', 'info@obsidiansi.com', 'https://www.obsidiansi.com/', '', 'https://www.linkedin.com/company-beta/4980038/', 'Our flagship product, Obsidian FundBinder - Helping Fund Managers Build Lasting Investor Relationships');
INSERT INTO public.location(id, name, latitude, longitude) VALUES (135,'Toronto - Ontario', '43.653226', '-79.383184');
INSERT INTO public.company_location(location_id, company_id) VALUES (135,133);
INSERT INTO public.company_category(category_id, company_id) VALUES (2,133);
INSERT INTO public.company_category(category_id, company_id) VALUES (5,133);
INSERT INTO public.company_businessmodel(business_model_id, company_id) VALUES (2,133);
INSERT INTO public.company_group(group_id, company_id) VALUES (3,133);
INSERT INTO public.company_capabilities(capability_id, company_id) VALUES (1,133);
INSERT INTO public.company(id, name, description, phone, email, website, twitter, linkedin, key_features) VALUES ( 134,'Optimize Financial Group', 'Optimize is bringing Premiere Financial Services to individuals beyond the ultra rich and Efficient Corporate Finance Solutions to companies beyond the Fortune 500', '1-866-209-6862', 'info@optimizefinancialgroup.com', 'https://www.optimizefinancialgroup.com/', '', 'https://www.linkedin.com/company-beta/9203386/', 'They are ensuring that every investor and every company gets open access to the right solutions for the right reasons. And it will take strategies tailored to each specific situation to accomplish this.');
INSERT INTO public.location(id, name, latitude, longitude) VALUES (136,'Toronto - Ontario', '43.653226', '-79.383184');
INSERT INTO public.company_location(location_id, company_id) VALUES (136,134);
INSERT INTO public.company_category(category_id, company_id) VALUES (5,134);
INSERT INTO public.company_businessmodel(business_model_id, company_id) VALUES (2,134);
INSERT INTO public.company_group(group_id, company_id) VALUES (3,134);
INSERT INTO public.company_capabilities(capability_id, company_id) VALUES (1,134);
INSERT INTO public.company(id, name, description, phone, email, website, twitter, linkedin, key_features) VALUES ( 135,'Questrade Wealth Management', 'At Questrade, we put you first and give you the respect you deserve. Because we are just like you: investors, savers, dreamers.', '1.888.783.7866', 'fxcfd@questrade.com', 'http://www.questrade.com/why-questrade/home', 'https://twitter.com/questrade', 'https://www.linkedin.com/company-beta/94666/', 'They are transforming the Canadian financial landscape, one innovation at a time.');
INSERT INTO public.location(id, name, latitude, longitude) VALUES (137,'Toronto - Ontario', '43.653226', '-79.383184');
INSERT INTO public.company_location(location_id, company_id) VALUES (137,135);
INSERT INTO public.company_category(category_id, company_id) VALUES (5,135);
INSERT INTO public.company_businessmodel(business_model_id, company_id) VALUES (2,135);
INSERT INTO public.company_group(group_id, company_id) VALUES (3,135);
INSERT INTO public.company_capabilities(capability_id, company_id) VALUES (1,135);
INSERT INTO public.company(id, name, description, phone, email, website, twitter, linkedin, key_features) VALUES ( 136,'Responsive', 'Responsive offers bespoke hybrid and robo-advisory solutions to banks and private wealth managers.', '778-869-5151', '', 'https://www.responsive.ai/', 'https://twitter.com/responsiveai', 'https://www.linkedin.com/company-beta/9477252/', 'Responsive is robo-advisor & technology company using Artificial Intelligence (AI) to make investment choices.');
INSERT INTO public.location(id, name, latitude, longitude) VALUES (138,'Vancouver - British Columbia', '49.2827291', '-123.120738');
INSERT INTO public.company_location(location_id, company_id) VALUES (138,136);
INSERT INTO public.company_category(category_id, company_id) VALUES (6,136);
INSERT INTO public.company_businessmodel(business_model_id, company_id) VALUES (1,136);
INSERT INTO public.company_businessmodel(business_model_id, company_id) VALUES (2,136);
INSERT INTO public.company_group(group_id, company_id) VALUES (3,136);
INSERT INTO public.company_capabilities(capability_id, company_id) VALUES (1,136);
INSERT INTO public.company(id, name, description, phone, email, website, twitter, linkedin, key_features) VALUES ( 137,'Smart Money Capital Management', 'Smart Money Capital Management ("Smart Money Invests") is one of Canada`s original online wealth managers (or more commonly referred to as a "Robo-Advisor"​). ', '647-985-7626', 'info@smartmoneyinvest.ca', 'http://www.smartmoneyinvest.ca/', 'https://twitter.com/SMInvests', 'https://www.linkedin.com/company-beta/9462885/', 'Their  goal is to provide proven investment methodology to meet our client`s investment objectives');
INSERT INTO public.location(id, name, latitude, longitude) VALUES (139,'Toronto - Ontario', '43.653226', '-79.383184');
INSERT INTO public.company_location(location_id, company_id) VALUES (139,137);
INSERT INTO public.company_category(category_id, company_id) VALUES (5,137);
INSERT INTO public.company_businessmodel(business_model_id, company_id) VALUES (2,137);
INSERT INTO public.company_group(group_id, company_id) VALUES (3,137);
INSERT INTO public.company_capabilities(capability_id, company_id) VALUES (1,137);
INSERT INTO public.company(id, name, description, phone, email, website, twitter, linkedin, key_features) VALUES ( 138,'Veedata', 'Veedata is a platform that collects and analyzes health and lifestyle data from wearable devices and smartphones', '', '', 'http://veedata.io/', 'https://twitter.com/veedataio', 'https://www.linkedin.com/company-beta/6579501/', 'They offer predictive analytics and supports an insurer`s efforts in lowering their risk by engaging policyholders onto modifying their risk factors.');
INSERT INTO public.location(id, name, latitude, longitude) VALUES (140,'Toronto – Ontario', '43.653226', '-79.383184');
INSERT INTO public.company_location(location_id, company_id) VALUES (140,138);
INSERT INTO public.location(id, name, latitude, longitude) VALUES (141,'Waterloo - Ontario', '43.464258', '-80.52041');
INSERT INTO public.company_location(location_id, company_id) VALUES (141,138);
INSERT INTO public.company_category(category_id, company_id) VALUES (5,138);
INSERT INTO public.company_businessmodel(business_model_id, company_id) VALUES (2,138);
INSERT INTO public.company_group(group_id, company_id) VALUES (3,138);
INSERT INTO public.company_capabilities(capability_id, company_id) VALUES (1,138);
INSERT INTO public.company(id, name, description, phone, email, website, twitter, linkedin, key_features) VALUES ( 139,'Voleo', 'Voleo is a social trading app that provides a new, more convenient, and engaging way to invest -together.', '', '', 'https://www.myvoleo.com/', 'https://twitter.com/MyVoleo', 'https://www.linkedin.com/company-beta/4857951/', '');
INSERT INTO public.location(id, name, latitude, longitude) VALUES (142,'Vancouver - British Columbia', '49.2827291', '-123.120738');
INSERT INTO public.company_location(location_id, company_id) VALUES (142,139);
INSERT INTO public.company_category(category_id, company_id) VALUES (5,139);
INSERT INTO public.company_businessmodel(business_model_id, company_id) VALUES (2,139);
INSERT INTO public.company_group(group_id, company_id) VALUES (3,139);
INSERT INTO public.company_capabilities(capability_id, company_id) VALUES (1,139);
INSERT INTO public.company(id, name, description, phone, email, website, twitter, linkedin, key_features) VALUES ( 140,'vuru', 'Stock analysis made simple.', '', 'support@vuru.co', 'http://www.vuru.co/', 'https://twitter.com/vurudotco', '', 'Vuru compiles massive amounts of financial, historical and real-time data into its analysis, giving you instant insight into the quality of a stock - without having to do all the work yourself');
INSERT INTO public.location(id, name, latitude, longitude) VALUES (143,'Toronto - Ontario', '43.653226', '-79.383184');
INSERT INTO public.company_location(location_id, company_id) VALUES (143,140);
INSERT INTO public.company_category(category_id, company_id) VALUES (5,140);
INSERT INTO public.company_businessmodel(business_model_id, company_id) VALUES (2,140);
INSERT INTO public.company_group(group_id, company_id) VALUES (3,140);
INSERT INTO public.company_capabilities(capability_id, company_id) VALUES (1,140);
INSERT INTO public.company(id, name, description, phone, email, website, twitter, linkedin, key_features) VALUES ( 141,'wealthica', 'Each day, Wealthica connects to your financial institutions and saves all your transaction history. It allows you to see all your investments in one place and get an unbiased view of your wealth.', '1514.3123229', '', 'https://wealthica.com/', 'https://twitter.com/wealthica', 'https://www.linkedin.com/company-beta/10107948/', '');
INSERT INTO public.location(id, name, latitude, longitude) VALUES (144,'Montreal - Quebec', '45.5016889', '-73.567256');
INSERT INTO public.company_location(location_id, company_id) VALUES (144,141);
INSERT INTO public.company_category(category_id, company_id) VALUES (5,141);
INSERT INTO public.company_businessmodel(business_model_id, company_id) VALUES (2,141);
INSERT INTO public.company_group(group_id, company_id) VALUES (3,141);
INSERT INTO public.company_capabilities(capability_id, company_id) VALUES (1,141);
INSERT INTO public.company(id, name, description, phone, email, website, twitter, linkedin, key_features) VALUES ( 142,'Nest Wealth', 'Nest Wealth is Canada`s largest independent digital wealth management platform, offering both direct-to-investor solutions through www.nestwealth.com and advanced business-to-business solutions through our Nest Wealth Pro product', '(647) 725-2559', 'questions@nestwealth.com', 'https://www.nestwealth.com/', 'https://twitter.com/nestwealth', 'https://www.linkedin.com/company-beta/9293204/', 'The only subscription based investing service in Canada, we charge our clients a low, flat monthly fee and custom-build every portfolio.');
INSERT INTO public.location(id, name, latitude, longitude) VALUES (145,'Toronto - Ontario', '43.653226', '-79.383184');
INSERT INTO public.company_location(location_id, company_id) VALUES (145,142);
INSERT INTO public.company_category(category_id, company_id) VALUES (1,142);
INSERT INTO public.company_category(category_id, company_id) VALUES (5,142);
INSERT INTO public.company_category(category_id, company_id) VALUES (6,142);
INSERT INTO public.company_businessmodel(business_model_id, company_id) VALUES (2,142);
INSERT INTO public.company_group(group_id, company_id) VALUES (3,142);
INSERT INTO public.company_capabilities(capability_id, company_id) VALUES (1,142);
INSERT INTO public.company(id, name, description, phone, email, website, twitter, linkedin, key_features) VALUES ( 143,'WealthBar Financial Services', 'Online investing with a human touch.', '+1 888-373-7674', 'info@wealthbar.com', 'https://www.wealthbar.com/', 'https://twitter.com/wealthbar', 'https://www.linkedin.com/company-beta/2736754/', 'Our personal financial advisors make investing online effortless and help you build your brightest future possible!');
INSERT INTO public.location(id, name, latitude, longitude) VALUES (146,'Vancouver - British Columbia', '49.2827291', '-123.120738');
INSERT INTO public.company_location(location_id, company_id) VALUES (146,143);
INSERT INTO public.company_category(category_id, company_id) VALUES (2,143);
INSERT INTO public.company_category(category_id, company_id) VALUES (6,143);
INSERT INTO public.company_businessmodel(business_model_id, company_id) VALUES (2,143);
INSERT INTO public.company_group(group_id, company_id) VALUES (3,143);
INSERT INTO public.company_capabilities(capability_id, company_id) VALUES (1,143);
INSERT INTO public.company(id, name, description, phone, email, website, twitter, linkedin, key_features) VALUES ( 144,'Wealthsimple Financial', 'Wealthsimple is investing on autopilot. ', '+1 855-255-9038', '', 'https://www.wealthsimple.com/en-ca/', 'https://twitter.com/Wealthsimple', '', 'Wealtsimple builds their customerrs a personal , low-cost profolio and puts their money to work like the world`s smartest investors');
INSERT INTO public.location(id, name, latitude, longitude) VALUES (147,'Toronto - Ontario', '43.653226', '-79.383184');
INSERT INTO public.company_location(location_id, company_id) VALUES (147,144);
INSERT INTO public.company_category(category_id, company_id) VALUES (1,144);
INSERT INTO public.company_category(category_id, company_id) VALUES (5,144);
INSERT INTO public.company_category(category_id, company_id) VALUES (6,144);
INSERT INTO public.company_businessmodel(business_model_id, company_id) VALUES (2,144);
INSERT INTO public.company_group(group_id, company_id) VALUES (3,144);
INSERT INTO public.company_capabilities(capability_id, company_id) VALUES (1,144);
INSERT INTO public.company(id, name, description, phone, email, website, twitter, linkedin, key_features) VALUES ( 145,'Secure Key', 'SecureKey is a leading identity and authentication provider that simplifies consumer access to online services and applications.', '(416) 477-5625', 'info@securekey.com', 'securekey.com/', 'https://twitter.com/securekey', 'https://www.linkedin.com/company-beta/481905/', 'SecureKey’s next generation privacy-enhancing services enable consumers to conveniently and privately assert identity information using trusted providers, such as banks, telcos and governments, helping them connect to critical online services with a digital credential they already have and trust.');
INSERT INTO public.location(id, name, latitude, longitude) VALUES (148,'Toronto - Ontario', '43.653226', '-79.383184');
INSERT INTO public.company_location(location_id, company_id) VALUES (148,145);
INSERT INTO public.company_category(category_id, company_id) VALUES (2,145);
INSERT INTO public.company_businessmodel(business_model_id, company_id) VALUES (2,145);
INSERT INTO public.company_businessmodel(business_model_id, company_id) VALUES (1,145);
INSERT INTO public.company_group(group_id, company_id) VALUES (3,145);
INSERT INTO public.company_capabilities(capability_id, company_id) VALUES (1,145);
INSERT INTO public.company(id, name, description, phone, email, website, twitter, linkedin, key_features) VALUES ( 146,'camouflage', 'Imperva acquired Camouflage in 2016 and is now offering data masking solutions under the Imperva Camouflage banner.', '(709) 722-1200', 'info@datamasking.com', 'https://datamasking.com/', 'https://twitter.com/CamouflageDM', 'https://www.linkedin.com/company-beta/256975/', 'The company’s innovative, customized, and experience-driven approach has helped many fortune 500 companies protect their sensitive data, and corporate reputations.');
INSERT INTO public.location(id, name, latitude, longitude) VALUES (149,'St. John - Newfoundland and Labrador', '47.5615096', '-52.712577');
INSERT INTO public.company_location(location_id, company_id) VALUES (149,146);
INSERT INTO public.company_category(category_id, company_id) VALUES (7,146);
INSERT INTO public.company_businessmodel(business_model_id, company_id) VALUES (1,146);
INSERT INTO public.company_group(group_id, company_id) VALUES (3,146);
INSERT INTO public.company_capabilities(capability_id, company_id) VALUES (1,146);
INSERT INTO public.company(id, name, description, phone, email, website, twitter, linkedin, key_features) VALUES ( 147,'Securefact', 'Securefact is a trusted provider of advisory services, on-demand and managed services for our customers`​ know-your-customer (KYC) & customer identification needs, regulatory compliance requirements and secured lending portfolios.Securefact ', '(416) 979-5858', 'info@securefact.com', 'www.securefact.com/', 'https://twitter.com/securefact', 'https://www.linkedin.com/company-beta/1119891/', 'Leveraging our proprietary technology, Advanced workflow and subject matter expertise, we convert time consuming manual and otherwise sub-optimal processes into efficient, effective and fully compliant solutions.');
INSERT INTO public.location(id, name, latitude, longitude) VALUES (150,'Toronto - Ontario', '43.653226', '-79.383184');
INSERT INTO public.company_location(location_id, company_id) VALUES (150,147);
INSERT INTO public.company_category(category_id, company_id) VALUES (7,147);
INSERT INTO public.company_businessmodel(business_model_id, company_id) VALUES (2,147);
INSERT INTO public.company_group(group_id, company_id) VALUES (3,147);
INSERT INTO public.company_capabilities(capability_id, company_id) VALUES (1,147);
INSERT INTO public.company(id, name, description, phone, email, website, twitter, linkedin, key_features) VALUES ( 148,'nymi', 'Nymi’s vision is to deliver Always On Authentication™, transforming the model of authentication into a secure and seamless experience for both enterprises and end-users.', '(416) 977-3042', 'info@nymi.com', 'https://nymi.com/', 'https://twitter.com/nymiband', 'https://www.linkedin.com/company-beta/3241521/', 'Nymi’s first product, the Nymi Band, is a wearable device that delivers biometrically secured, persistent authentication. The Nymi Band utilizes strong biometric modalities such as HeartID™ – a proprietary technology that leverages the wearer’s unique cardiac signature (or ECG) as a biometric identifier.');
INSERT INTO public.location(id, name, latitude, longitude) VALUES (151,'Toronto - Ontario', '43.653226', '-79.383184');
INSERT INTO public.company_location(location_id, company_id) VALUES (151,148);
INSERT INTO public.company_category(category_id, company_id) VALUES (7,148);
INSERT INTO public.company_businessmodel(business_model_id, company_id) VALUES (2,148);
INSERT INTO public.company_group(group_id, company_id) VALUES (3,148);
INSERT INTO public.company_group(group_id, company_id) VALUES (5,148);
INSERT INTO public.company_capabilities(capability_id, company_id) VALUES (1,148);
INSERT INTO public.company(id, name, description, phone, email, website, twitter, linkedin, key_features) VALUES ( 149,'Security Compass', 'Security Compass is a software security company that provides professional services, training, and a first-of-its kind Software Security Requirements Management (SSRM) platform to help eliminate security vulnerabilities in mission-critical applications, minimize organizational risk, and easily meet regulatory and compliance standards.', '+1 888-777-2211', 'info@securitycompass.com', 'https://www.securitycompass.com/', 'https://twitter.com/securitycompass', '', 'We guide your team in building a customized security blueprint based on your SDLC and business needs to cost-effectively mitigate risks.');
INSERT INTO public.location(id, name, latitude, longitude) VALUES (152,'Toronto - Ontario', '43.653226', '-79.383184');
INSERT INTO public.company_location(location_id, company_id) VALUES (152,149);
INSERT INTO public.company_category(category_id, company_id) VALUES (7,149);
INSERT INTO public.company_businessmodel(business_model_id, company_id) VALUES (2,149);
INSERT INTO public.company_businessmodel(business_model_id, company_id) VALUES (1,149);
INSERT INTO public.company_group(group_id, company_id) VALUES (3,149);
INSERT INTO public.company_group(group_id, company_id) VALUES (5,149);
INSERT INTO public.company_capabilities(capability_id, company_id) VALUES (1,149);
INSERT INTO public.company(id, name, description, phone, email, website, twitter, linkedin, key_features) VALUES ( 150,'Trulioo', 'Trulioo offers the most robust and comprehensive global identity verification solution in the market.', '1 (888) 773-0179', ' support@trulioo.com', 'https://www.trulioo.com/', 'https://twitter.com/trulioo', 'https://www.linkedin.com/company-beta/1491350/', 'Through one single portal/API, Trulioo can assist you with all your AML/KYC identity verification requirements by providing secure access to over 4 billion identities worldwide.');
INSERT INTO public.location(id, name, latitude, longitude) VALUES (153,'Vancouver - British Columbia', '49.2827291', '-123.120738');
INSERT INTO public.company_location(location_id, company_id) VALUES (153,150);
INSERT INTO public.company_category(category_id, company_id) VALUES (7,150);
INSERT INTO public.company_businessmodel(business_model_id, company_id) VALUES (2,150);
INSERT INTO public.company_group(group_id, company_id) VALUES (5,150);
INSERT INTO public.company_capabilities(capability_id, company_id) VALUES (1,150);
INSERT INTO public.company(id, name, description, phone, email, website, twitter, linkedin, key_features) VALUES ( 151,'verafin', 'Verafin is a leader in cloud-based, cross-institutional Fraud Detection and Anti-Money Laundering (FRAMLx) collaboration software with a customer base of over 1500 financial institutions across North America. ', '+1 877-368-9986', 'info@verafin.com', 'https://verafin.com/', 'https://twitter.com/verafin', 'https://www.linkedin.com/company-beta/274884/', 'Its solution uses advanced cross-institutional, behavior-based analytics to help financial institutions stay a step ahead of numerous types of fraud as well as the BSA, USA PATRIOT Act, and FACTA compliance landscape, while allowing them to collaborate cross-institutionally.');
INSERT INTO public.location(id, name, latitude, longitude) VALUES (154,'St. John - Newfoundland and Labrador', '47.5615096', '-52.712577');
INSERT INTO public.company_location(location_id, company_id) VALUES (154,151);
INSERT INTO public.company_category(category_id, company_id) VALUES (7,151);
INSERT INTO public.company_businessmodel(business_model_id, company_id) VALUES (2,151);
INSERT INTO public.company_group(group_id, company_id) VALUES (5,151);
INSERT INTO public.company_capabilities(capability_id, company_id) VALUES (1,151);
INSERT INTO public.company(id, name, description, phone, email, website, twitter, linkedin, key_features) VALUES ( 152,'esentire', 'eSentire® is the largest pure-play Managed Detection and Response (MDR) service provider, keeping organizations safe from constantly evolving cyber-attacks that technology alone cannot prevent. ', '(519) 651-2200', 'info@esentire.com', 'https://www.esentire.com/', 'https://twitter.com/eSentire', 'https://www.linkedin.com/company-beta/150760/', 'Its 24x7 Security Operations Center (SOC), staffed by elite security analysts, hunts, investigates, and responds in real-time to known and unknown threats before they become business disrupting events.');
INSERT INTO public.location(id, name, latitude, longitude) VALUES (155,'Cambridge - Ontario', '43.3616211', '-80.314428');
INSERT INTO public.company_location(location_id, company_id) VALUES (155,152);
INSERT INTO public.company_category(category_id, company_id) VALUES (7,152);
INSERT INTO public.company_businessmodel(business_model_id, company_id) VALUES (2,152);
INSERT INTO public.company_group(group_id, company_id) VALUES (5,152);
INSERT INTO public.company_capabilities(capability_id, company_id) VALUES (1,152);
INSERT INTO public.company(id, name, description, phone, email, website, twitter, linkedin, key_features) VALUES ( 153,'Aspire', 'The Aspire Gateway platform is a software infrastructure solution enabling better loan data, reporting and analytics flow between Loan Originators, Investors and Banks.', '', '', 'http://aspirefintech.com/', 'https://twitter.com/AspireFinTech1', 'https://www.linkedin.com/company/10538817/', 'Aspire enables Originators, Investors, and Banks to better access, unlock and empower lending data.');
INSERT INTO public.location(id, name, latitude, longitude) VALUES (156,'Toronto - Ontario', '43.653226', '-79.383184');
INSERT INTO public.company_location(location_id, company_id) VALUES (156,153);
INSERT INTO public.company_category(category_id, company_id) VALUES (1,153);
INSERT INTO public.company_businessmodel(business_model_id, company_id) VALUES (1,153);
INSERT INTO public.company_group(group_id, company_id) VALUES (5,153);
INSERT INTO public.company_capabilities(capability_id, company_id) VALUES (1,153);
INSERT INTO public.company(id, name, description, phone, email, website, twitter, linkedin, key_features) VALUES ( 154,'Copower', 'Copower helps investors place capital into energy efficiency and renewable energy generation projects that offer solid returns, along with measured environmental impact', '1-833-267-6937', '', 'https://copower.me/en/', 'https://twitter.com/CoPowerInc', 'https://www.linkedin.com/company/copowerinc', 'CoPower is an online platform that simplifies clean energy investing.');
INSERT INTO public.location(id, name, latitude, longitude) VALUES (157,'Montreal - Quebec', '45.5016889', '-73.567256');
INSERT INTO public.company_location(location_id, company_id) VALUES (157,154);
INSERT INTO public.company_category(category_id, company_id) VALUES (8,154);
INSERT INTO public.company_businessmodel(business_model_id, company_id) VALUES (2,154);
INSERT INTO public.company_group(group_id, company_id) VALUES (5,154);
INSERT INTO public.company_capabilities(capability_id, company_id) VALUES (1,154);
INSERT INTO public.company(id, name, description, phone, email, website, twitter, linkedin, key_features) VALUES ( 155,'Crowdmatix', 'Crowdmatrix aims to change the investment landscape by leveraging technology to make diversifying into alternative asset classes simple and efficient.', '', '', 'http://crowdmatrix.co/home/', 'https://twitter.com/crowdmatrixinc', 'https://www.linkedin.com/company/10287787', 'Crowdmatrix is an online investment marketplace that connects accredited investors with vetted alternative investment opportunities.');
INSERT INTO public.location(id, name, latitude, longitude) VALUES (158,'Toronto - Ontario', '43.653226', '-79.383184');
INSERT INTO public.company_location(location_id, company_id) VALUES (158,155);
INSERT INTO public.company_category(category_id, company_id) VALUES (8,155);
INSERT INTO public.company_businessmodel(business_model_id, company_id) VALUES (2,155);
INSERT INTO public.company_group(group_id, company_id) VALUES (5,155);
INSERT INTO public.company_capabilities(capability_id, company_id) VALUES (1,155);
INSERT INTO public.company(id, name, description, phone, email, website, twitter, linkedin, key_features) VALUES ( 156,'Fincad', 'FINCAD is the leading provider of sophisticated valuation and risk analytics for multi-asset derivative and fixed income portfolios.', '+1.604.957.1200', 'info@fincad.com', 'http://www.fincad.com/', 'https://twitter.com/fincad', 'https://www.linkedin.com/company-beta/32172/', 'FINCAD helps over 1,000 global financial institutions enhance returns, manage risk, reduce costs, comply with regulations, and provide confidence to investors and shareholders.');
INSERT INTO public.location(id, name, latitude, longitude) VALUES (159,'Vancouver - British Columbia', '49.2827291', '-123.120738');
INSERT INTO public.company_location(location_id, company_id) VALUES (159,156);
INSERT INTO public.company_category(category_id, company_id) VALUES (8,156);
INSERT INTO public.company_businessmodel(business_model_id, company_id) VALUES (2,156);
INSERT INTO public.company_group(group_id, company_id) VALUES (5,156);
INSERT INTO public.company_capabilities(capability_id, company_id) VALUES (1,156);
INSERT INTO public.company(id, name, description, phone, email, website, twitter, linkedin, key_features) VALUES ( 157,'frontfundr', 'FrontFundr is a registered financial services firm that combines advanced compliance technology and digital media, under existing investment legislation, to give both new and seasoned investors ready access to stringently screened, market ready businesses—prepared and guided from business pitch to deal completion.', '+1 800-804-1524', '', 'https://www.frontfundr.com/', 'https://twitter.com/frontfundr', 'https://www.linkedin.com/company-beta/3707631/', 'They present thier investor community with only the highest quality deals that have undergone our stringent in-house due diligence and advanced online compliance process, set to standards beyond Canadian regulatory requirements.');
INSERT INTO public.location(id, name, latitude, longitude) VALUES (160,'Vancouver - British Columbia', '49.2827291', '-123.120738');
INSERT INTO public.company_location(location_id, company_id) VALUES (160,157);
INSERT INTO public.company_category(category_id, company_id) VALUES (5,157);
INSERT INTO public.company_businessmodel(business_model_id, company_id) VALUES (2,157);
INSERT INTO public.company_group(group_id, company_id) VALUES (5,157);
INSERT INTO public.company_capabilities(capability_id, company_id) VALUES (1,157);
INSERT INTO public.company(id, name, description, phone, email, website, twitter, linkedin, key_features) VALUES ( 158,'MarketIQ', 'The first big data analytics platform, built from the ground up specifically for financial institutions, to augment the decision making process. ', '1-800-604-0647', 'info@themarketiq.com', 'http://themarketiq.com/', 'https://twitter.com/themarketiq', 'https://www.linkedin.com/company/market-iq-inc', 'Market IQ`s Predictive Analytics Platform helps financial institutions make smarter, more informed data-driven business decisions.');
INSERT INTO public.location(id, name, latitude, longitude) VALUES (161,'Toronto - Ontario', '43.653226', '-79.383184');
INSERT INTO public.company_location(location_id, company_id) VALUES (161,158);
INSERT INTO public.company_category(category_id, company_id) VALUES (8,158);
INSERT INTO public.company_businessmodel(business_model_id, company_id) VALUES (2,158);
INSERT INTO public.company_group(group_id, company_id) VALUES (5,158);
INSERT INTO public.company_capabilities(capability_id, company_id) VALUES (1,158);
INSERT INTO public.company(id, name, description, phone, email, website, twitter, linkedin, key_features) VALUES ( 159,'Nexuscrowd', 'NexusCrowd Inc. is a registered Exempt Market Dealer in the Provinces of Ontario, Alberta and British Columbia.', '1.877.487.6506      ', 'info@nexuscrowd.com', 'http://www.nexuscrowd.com/', 'http://twitter.com/nexuscrowd', 'https://www.linkedin.com/company-beta/5338518/', 'NexusCrowd unlocks access to some of Canada’s best private real estate investment opportunities that were previously limited to institutions and individuals');
INSERT INTO public.location(id, name, latitude, longitude) VALUES (162,'Toronto - Ontario', '43.653226', '-79.383184');
INSERT INTO public.company_location(location_id, company_id) VALUES (162,159);
INSERT INTO public.company_category(category_id, company_id) VALUES (1,159);
INSERT INTO public.company_category(category_id, company_id) VALUES (5,159);
INSERT INTO public.company_category(category_id, company_id) VALUES (8,159);
INSERT INTO public.company_businessmodel(business_model_id, company_id) VALUES (2,159);
INSERT INTO public.company_businessmodel(business_model_id, company_id) VALUES (1,159);
INSERT INTO public.company_group(group_id, company_id) VALUES (5,159);
INSERT INTO public.company_capabilities(capability_id, company_id) VALUES (2,159);
INSERT INTO public.company(id, name, description, phone, email, website, twitter, linkedin, key_features) VALUES ( 160,'Overbond', 'Overbond is enhancing primary market activity with digital tools and processes that eliminate inefficiency while increasing transparency and reducing costs to allow stakeholders to focus on high value activity.', '+1 844-343-2663', 'info@overbond.com', 'https://www.overbond.com/', 'https://twitter.com/overbond', 'https://www.linkedin.com/company/overbond', 'Overbond is transforming how global investment banks, institutional investors, corporations and governments connect and access the primary fixed income market.');
INSERT INTO public.location(id, name, latitude, longitude) VALUES (163,'Toronto - Ontario', '43.653226', '-79.383184');
INSERT INTO public.company_location(location_id, company_id) VALUES (163,160);
INSERT INTO public.company_category(category_id, company_id) VALUES (1,160);
INSERT INTO public.company_category(category_id, company_id) VALUES (5,160);
INSERT INTO public.company_category(category_id, company_id) VALUES (8,160);
INSERT INTO public.company_businessmodel(business_model_id, company_id) VALUES (2,160);
INSERT INTO public.company_businessmodel(business_model_id, company_id) VALUES (1,160);
INSERT INTO public.company_group(group_id, company_id) VALUES (5,160);
INSERT INTO public.company_capabilities(capability_id, company_id) VALUES (1,160);
INSERT INTO public.company(id, name, description, phone, email, website, twitter, linkedin, key_features) VALUES ( 161,'Q4', 'Q4 is a global leader in cloud-based investor relations and capital market solutions. Our mission is to deliver innovative, dynamic and secure websites, webcasting and intelligence solutions that equip our clients with the information and tools they need to make more effective decisions, better engage with shareholders, and understand the capital markets.', '(416) 626-7829', 'support@q4inc.com', 'https://www.q4inc.com/', 'http://twitter.com/q4tweets', 'https://www.linkedin.com/company-beta/206721/', 'Q4 Cloud offers the most flexible and feature-rich investor relations and corporate websites in the market today.');
INSERT INTO public.location(id, name, latitude, longitude) VALUES (164,'Toronto - Ontario', '43.653226', '-79.383184');
INSERT INTO public.company_location(location_id, company_id) VALUES (164,161);
INSERT INTO public.company_category(category_id, company_id) VALUES (1,161);
INSERT INTO public.company_category(category_id, company_id) VALUES (5,161);
INSERT INTO public.company_category(category_id, company_id) VALUES (8,161);
INSERT INTO public.company_businessmodel(business_model_id, company_id) VALUES (2,161);
INSERT INTO public.company_businessmodel(business_model_id, company_id) VALUES (1,161);
INSERT INTO public.company_group(group_id, company_id) VALUES (5,161);
INSERT INTO public.company_capabilities(capability_id, company_id) VALUES (1,161);
INSERT INTO public.company(id, name, description, phone, email, website, twitter, linkedin, key_features) VALUES ( 162,'quandl', 'Quandl’s platform is used by over 200,000 people including analysts from the world’s top hedge funds, asset managers, and investment banks.', '', '', 'https://www.quandl.com/', 'https://twitter.com/quandl', 'https://www.linkedin.com/company-beta/2459204', 'The premier source for financial, economic, and alternative datasets, serving investment professionals.');
INSERT INTO public.location(id, name, latitude, longitude) VALUES (165,'Toronto - Ontario', '43.653226', '-79.383184');
INSERT INTO public.company_location(location_id, company_id) VALUES (165,162);
INSERT INTO public.company_category(category_id, company_id) VALUES (1,162);
INSERT INTO public.company_category(category_id, company_id) VALUES (2,162);
INSERT INTO public.company_category(category_id, company_id) VALUES (5,162);
INSERT INTO public.company_businessmodel(business_model_id, company_id) VALUES (2,162);
INSERT INTO public.company_businessmodel(business_model_id, company_id) VALUES (1,162);
INSERT INTO public.company_group(group_id, company_id) VALUES (5,162);
INSERT INTO public.company_capabilities(capability_id, company_id) VALUES (1,162);
INSERT INTO public.company(id, name, description, phone, email, website, twitter, linkedin, key_features) VALUES ( 163,'R2Crowd', 'R2 is Canada’s only national online marketplace for real estate investing and raising capital.', '647 292 4769', 'info@r2-re.com', 'https://www.r2-re.com/', 'https://twitter.com/r2investments', 'https://www.linkedin.com/company-beta/10293534/', 'The platform offers solutions across the entire capital stack including equity (JV, Preferred, and Syndicated Mortgage), and debt (1st & 2nd secured).');
INSERT INTO public.location(id, name, latitude, longitude) VALUES (166,'Toronto - Ontario', '43.653226', '-79.383184');
INSERT INTO public.company_location(location_id, company_id) VALUES (166,163);
INSERT INTO public.company_category(category_id, company_id) VALUES (2,163);
INSERT INTO public.company_category(category_id, company_id) VALUES (5,163);
INSERT INTO public.company_category(category_id, company_id) VALUES (8,163);
INSERT INTO public.company_businessmodel(business_model_id, company_id) VALUES (2,163);
INSERT INTO public.company_group(group_id, company_id) VALUES (5,163);
INSERT INTO public.company_capabilities(capability_id, company_id) VALUES (1,163);
INSERT INTO public.company(id, name, description, phone, email, website, twitter, linkedin, key_features) VALUES ( 164,'Street Contxt', 'Street Contxt is a global knowledge exchange for institutional finance.', '(416) 596-9011', 'sales@streetcontxt.com', 'https://streetcontxt.com/', 'https://twitter.com/streetcontxt', 'https://www.linkedin.com/company-beta/2971239/', 'The platform provides smart, actionable insights; helping to create a more efficient Capital Markets system.');
INSERT INTO public.location(id, name, latitude, longitude) VALUES (167,'Toronto - Ontario', '43.653226', '-79.383184');
INSERT INTO public.company_location(location_id, company_id) VALUES (167,164);
INSERT INTO public.company_category(category_id, company_id) VALUES (2,164);
INSERT INTO public.company_category(category_id, company_id) VALUES (8,164);
INSERT INTO public.company_businessmodel(business_model_id, company_id) VALUES (2,164);
INSERT INTO public.company_businessmodel(business_model_id, company_id) VALUES (1,164);
INSERT INTO public.company_group(group_id, company_id) VALUES (5,164);
INSERT INTO public.company_capabilities(capability_id, company_id) VALUES (1,164);
INSERT INTO public.company(id, name, description, phone, email, website, twitter, linkedin, key_features) VALUES ( 165,'Ticksmith', 'TickSmith, with its TickVault platform based on hadoop technology, is a leader in Big Data applications for the Brokerage ecosystem and financial services.', '+1 514 360 6369', '', 'https://www.ticksmith.com/', 'https://twitter.com/TickSmith', 'https://www.linkedin.com/company-beta/2906183/', 'The platform is used for data centralization and distribution, market surveillance, risk management, strategy discovery and analytics.');
INSERT INTO public.location(id, name, latitude, longitude) VALUES (168,'Montreal - Quebec', '45.5016889', '-73.567256');
INSERT INTO public.company_location(location_id, company_id) VALUES (168,165);
INSERT INTO public.company_category(category_id, company_id) VALUES (2,165);
INSERT INTO public.company_category(category_id, company_id) VALUES (5,165);
INSERT INTO public.company_category(category_id, company_id) VALUES (8,165);
INSERT INTO public.company_businessmodel(business_model_id, company_id) VALUES (2,165);
INSERT INTO public.company_businessmodel(business_model_id, company_id) VALUES (1,165);
INSERT INTO public.company_group(group_id, company_id) VALUES (1,165);
INSERT INTO public.company_capabilities(capability_id, company_id) VALUES (1,165);
INSERT INTO public.company(id, name, description, phone, email, website, twitter, linkedin, key_features) VALUES ( 166,'Seedlify', 'Canada`s first revenue based financing platform that makes it easy for investors to invest in early-growth tech companies.', '', 'hello@seedlify.com', 'https://seedlify.com/', 'https://twitter.com/seedlify', 'https://www.linkedin.com/company-beta/10685310/', 'Seedlify is making it easy for Canadian tech companies to access fast, fairly priced, and user friendly growth capital while providing investors with greater peace of mind.');
INSERT INTO public.location(id, name, latitude, longitude) VALUES (169,'Montreal - Quebec', '45.5016889', '-73.567256');
INSERT INTO public.company_location(location_id, company_id) VALUES (169,166);
INSERT INTO public.company_category(category_id, company_id) VALUES (2,166);
INSERT INTO public.company_category(category_id, company_id) VALUES (8,166);
INSERT INTO public.company_businessmodel(business_model_id, company_id) VALUES (2,166);
INSERT INTO public.company_businessmodel(business_model_id, company_id) VALUES (1,166);
INSERT INTO public.company_group(group_id, company_id) VALUES (5,166);
INSERT INTO public.company_capabilities(capability_id, company_id) VALUES (1,166);
